seed,n,p,K,m,smoothness,test_size,epsilon,method,multiplier,tau,keep,radius,nmse,support
7701,200000,105,13,15384,0.34320442755385794,20000,,Non-private proximal,,,,,0.8646613545245736,25
7701,200000,105,13,15384,0.34320442755385794,20000,,Constant predictor,,,,,1.0689649853981245,0
7701,200000,105,13,15384,0.34320442755385794,20000,1.0,Full-Record LDP Lasso (ours),0.05,,,2.0,0.9560449500975234,60
7701,200000,105,13,15384,0.34320442755385794,20000,1.0,"Zhu et al. LDP-IHT, matched radius",,,10.0,2.0,1.0182808187139412,10
7701,200000,105,13,15384,0.34320442755385794,20000,1.0,Zhu et al. LDP-IHT,,0.03,10.0,0.33657185612162327,1.048157035780351,10
7701,200000,105,13,15384,0.34320442755385794,20000,1.0,Zhu et al. LDP-IHT,,0.07,10.0,0.8760647007281646,1.000702938148652,10
7701,200000,105,13,15384,0.34320442755385794,20000,1.0,Zhu et al. LDP-IHT,,0.15,10.0,2.2661259434648238,1.0248885395255414,10
7701,200000,105,13,15384,0.34320442755385794,20000,1.0,Zhu et al. LDP-IHT,,0.3,10.0,5.9904185440714155,1.070802068096836,10
7701,200000,105,13,15384,0.34320442755385794,20000,1.0,Zhu et al. LDP-IHT,,0.6,10.0,17.813503716709906,1.0653903356482508,10
7701,200000,105,13,15384,0.34320442755385794,20000,1.0,"Zhu et al. LDP-IHT, matched radius",,,25.0,2.0,0.9688438454089712,25
7701,200000,105,13,15384,0.34320442755385794,20000,1.0,Zhu et al. LDP-IHT,,0.03,25.0,0.3535198014256061,1.0242815926179605,25
7701,200000,105,13,15384,0.34320442755385794,20000,1.0,Zhu et al. LDP-IHT,,0.07,25.0,0.9683368473831823,0.9773681425500862,25
7701,200000,105,13,15384,0.34320442755385794,20000,1.0,Zhu et al. LDP-IHT,,0.15,25.0,2.689824576064394,1.0174400143765492,25
7701,200000,105,13,15384,0.34320442755385794,20000,1.0,Zhu et al. LDP-IHT,,0.3,25.0,7.685213074469698,1.0277094869569634,25
7701,200000,105,13,15384,0.34320442755385794,20000,1.0,Zhu et al. LDP-IHT,,0.6,25.0,24.592681838303033,1.0838439554215868,25
7701,200000,105,13,15384,0.34320442755385794,20000,1.0,"Zhu et al. LDP-IHT, matched radius",,,50.0,2.0,0.9546264826142935,50
7701,200000,105,13,15384,0.34320442755385794,20000,1.0,Zhu et al. LDP-IHT,,0.03,50.0,0.37261971833664037,0.9696998427737255,50
7701,200000,105,13,15384,0.34320442755385794,20000,1.0,Zhu et al. LDP-IHT,,0.07,50.0,1.0723252838988133,0.9912867022176691,50
7701,200000,105,13,15384,0.34320442755385794,20000,1.0,Zhu et al. LDP-IHT,,0.15,50.0,3.167322498840251,1.0532643562816226,50
7701,200000,105,13,15384,0.34320442755385794,20000,1.0,Zhu et al. LDP-IHT,,0.3,50.0,9.595204765573126,1.022852766818372,50
7701,200000,105,13,15384,0.34320442755385794,20000,1.0,Zhu et al. LDP-IHT,,0.6,50.0,32.23264860271674,1.0640235788706232,50
7701,200000,105,13,15384,0.34320442755385794,20000,1.0,"Zhu et al. LDP-IHT, matched radius",,,100.0,2.0,0.9535272020964481,100
7701,200000,105,13,15384,0.34320442755385794,20000,1.0,Zhu et al. LDP-IHT,,0.03,100.0,0.3996310798724243,0.9455670298143666,100
7701,200000,105,13,15384,0.34320442755385794,20000,1.0,Zhu et al. LDP-IHT,,0.07,100.0,1.2193871411491926,1.009428201032274,100
7701,200000,105,13,15384,0.34320442755385794,20000,1.0,Zhu et al. LDP-IHT,,0.15,100.0,3.842606537234849,1.0204813010451574,100
7701,200000,105,13,15384,0.34320442755385794,20000,1.0,Zhu et al. LDP-IHT,,0.3,100.0,12.296340919151517,1.1257457561915571,100
7701,200000,105,13,15384,0.34320442755385794,20000,1.0,Zhu et al. LDP-IHT,,0.6,100.0,43.03719321703031,1.0526089353893573,100
7701,400000,105,13,30769,0.3429290624113774,20000,,Non-private proximal,,,,,0.8565470094135093,37
7701,400000,105,13,30769,0.3429290624113774,20000,,Constant predictor,,,,,1.0689543886889832,0
7701,400000,105,13,30769,0.3429290624113774,20000,1.0,Full-Record LDP Lasso (ours),0.05,,,2.0,0.9008955435432172,65
7701,400000,105,13,30769,0.3429290624113774,20000,1.0,"Zhu et al. LDP-IHT, matched radius",,,10.0,2.0,0.9077417843243635,10
7701,400000,105,13,30769,0.3429290624113774,20000,1.0,Zhu et al. LDP-IHT,,0.03,10.0,0.33657185612162327,1.0004073492476004,10
7701,400000,105,13,30769,0.3429290624113774,20000,1.0,Zhu et al. LDP-IHT,,0.07,10.0,0.8760647007281646,0.9316281114969681,10
7701,400000,105,13,30769,0.3429290624113774,20000,1.0,Zhu et al. LDP-IHT,,0.15,10.0,2.2661259434648238,0.973735991060496,10
7701,400000,105,13,30769,0.3429290624113774,20000,1.0,Zhu et al. LDP-IHT,,0.3,10.0,5.9904185440714155,1.0410717374373237,10
7701,400000,105,13,30769,0.3429290624113774,20000,1.0,Zhu et al. LDP-IHT,,0.6,10.0,17.813503716709906,1.095751485195101,10
7701,400000,105,13,30769,0.3429290624113774,20000,1.0,"Zhu et al. LDP-IHT, matched radius",,,25.0,2.0,0.9165329194851946,25
7701,400000,105,13,30769,0.3429290624113774,20000,1.0,Zhu et al. LDP-IHT,,0.03,25.0,0.3535198014256061,0.9946595879650801,25
7701,400000,105,13,30769,0.3429290624113774,20000,1.0,Zhu et al. LDP-IHT,,0.07,25.0,0.9683368473831823,0.9942449542247089,25
7701,400000,105,13,30769,0.3429290624113774,20000,1.0,Zhu et al. LDP-IHT,,0.15,25.0,2.689824576064394,1.0100980522190406,25
7701,400000,105,13,30769,0.3429290624113774,20000,1.0,Zhu et al. LDP-IHT,,0.3,25.0,7.685213074469698,1.0180034287756716,25
7701,400000,105,13,30769,0.3429290624113774,20000,1.0,Zhu et al. LDP-IHT,,0.6,25.0,24.592681838303033,1.096921222937219,25
7701,400000,105,13,30769,0.3429290624113774,20000,1.0,"Zhu et al. LDP-IHT, matched radius",,,50.0,2.0,0.9407473646718819,50
7701,400000,105,13,30769,0.3429290624113774,20000,1.0,Zhu et al. LDP-IHT,,0.03,50.0,0.37261971833664037,0.9719889652304812,50
7701,400000,105,13,30769,0.3429290624113774,20000,1.0,Zhu et al. LDP-IHT,,0.07,50.0,1.0723252838988133,0.9366305751750618,50
7701,400000,105,13,30769,0.3429290624113774,20000,1.0,Zhu et al. LDP-IHT,,0.15,50.0,3.167322498840251,1.06147327223784,50
7701,400000,105,13,30769,0.3429290624113774,20000,1.0,Zhu et al. LDP-IHT,,0.3,50.0,9.595204765573126,1.0313141862540622,50
7701,400000,105,13,30769,0.3429290624113774,20000,1.0,Zhu et al. LDP-IHT,,0.6,50.0,32.23264860271674,1.0844002246491404,50
7701,400000,105,13,30769,0.3429290624113774,20000,1.0,"Zhu et al. LDP-IHT, matched radius",,,100.0,2.0,0.9072285522772686,100
7701,400000,105,13,30769,0.3429290624113774,20000,1.0,Zhu et al. LDP-IHT,,0.03,100.0,0.3996310798724243,0.9362315746668697,100
7701,400000,105,13,30769,0.3429290624113774,20000,1.0,Zhu et al. LDP-IHT,,0.07,100.0,1.2193871411491926,0.9729934141195111,100
7701,400000,105,13,30769,0.3429290624113774,20000,1.0,Zhu et al. LDP-IHT,,0.15,100.0,3.842606537234849,1.0012605253976243,100
7701,400000,105,13,30769,0.3429290624113774,20000,1.0,Zhu et al. LDP-IHT,,0.3,100.0,12.296340919151517,1.0633806936317733,100
7701,400000,105,13,30769,0.3429290624113774,20000,1.0,Zhu et al. LDP-IHT,,0.6,100.0,43.03719321703031,1.0390397665332385,100
7701,800000,105,14,57142,0.34310261708222956,20000,,Non-private proximal,,,,,0.851726980576308,42
7701,800000,105,14,57142,0.34310261708222956,20000,,Constant predictor,,,,,1.0689476989432014,0
7701,800000,105,14,57142,0.34310261708222956,20000,1.0,Full-Record LDP Lasso (ours),0.05,,,2.0,0.8855895923616979,70
7701,800000,105,14,57142,0.34310261708222956,20000,1.0,"Zhu et al. LDP-IHT, matched radius",,,10.0,2.0,0.9068869000295773,10
7701,800000,105,14,57142,0.34310261708222956,20000,1.0,Zhu et al. LDP-IHT,,0.03,10.0,0.33657185612162327,0.9645824619110023,10
7701,800000,105,14,57142,0.34310261708222956,20000,1.0,Zhu et al. LDP-IHT,,0.07,10.0,0.8760647007281646,0.9381462227902414,10
7701,800000,105,14,57142,0.34310261708222956,20000,1.0,Zhu et al. LDP-IHT,,0.15,10.0,2.2661259434648238,0.9206150266662335,10
7701,800000,105,14,57142,0.34310261708222956,20000,1.0,Zhu et al. LDP-IHT,,0.3,10.0,5.9904185440714155,1.0117220986058924,10
7701,800000,105,14,57142,0.34310261708222956,20000,1.0,Zhu et al. LDP-IHT,,0.6,10.0,17.813503716709906,1.0162354431335854,10
7701,800000,105,14,57142,0.34310261708222956,20000,1.0,"Zhu et al. LDP-IHT, matched radius",,,25.0,2.0,0.9095405920502473,25
7701,800000,105,14,57142,0.34310261708222956,20000,1.0,Zhu et al. LDP-IHT,,0.03,25.0,0.3535198014256061,0.95868841813137,25
7701,800000,105,14,57142,0.34310261708222956,20000,1.0,Zhu et al. LDP-IHT,,0.07,25.0,0.9683368473831823,0.9540156559675991,25
7701,800000,105,14,57142,0.34310261708222956,20000,1.0,Zhu et al. LDP-IHT,,0.15,25.0,2.689824576064394,0.958053990446227,25
7701,800000,105,14,57142,0.34310261708222956,20000,1.0,Zhu et al. LDP-IHT,,0.3,25.0,7.685213074469698,1.0130294894900795,25
7701,800000,105,14,57142,0.34310261708222956,20000,1.0,Zhu et al. LDP-IHT,,0.6,25.0,24.592681838303033,1.0311797790080373,25
7701,800000,105,14,57142,0.34310261708222956,20000,1.0,"Zhu et al. LDP-IHT, matched radius",,,50.0,2.0,0.8968835589302575,50
7701,800000,105,14,57142,0.34310261708222956,20000,1.0,Zhu et al. LDP-IHT,,0.03,50.0,0.37261971833664037,0.9485959035233915,50
7701,800000,105,14,57142,0.34310261708222956,20000,1.0,Zhu et al. LDP-IHT,,0.07,50.0,1.0723252838988133,0.9312504558414876,50
7701,800000,105,14,57142,0.34310261708222956,20000,1.0,Zhu et al. LDP-IHT,,0.15,50.0,3.167322498840251,0.9876239849785468,50
7701,800000,105,14,57142,0.34310261708222956,20000,1.0,Zhu et al. LDP-IHT,,0.3,50.0,9.595204765573126,1.0366558159252244,50
7701,800000,105,14,57142,0.34310261708222956,20000,1.0,Zhu et al. LDP-IHT,,0.6,50.0,32.23264860271674,1.0525215093331295,50
7701,800000,105,14,57142,0.34310261708222956,20000,1.0,"Zhu et al. LDP-IHT, matched radius",,,100.0,2.0,0.8945717066765135,100
7701,800000,105,14,57142,0.34310261708222956,20000,1.0,Zhu et al. LDP-IHT,,0.03,100.0,0.3996310798724243,0.9450006156538218,100
7701,800000,105,14,57142,0.34310261708222956,20000,1.0,Zhu et al. LDP-IHT,,0.07,100.0,1.2193871411491926,0.9333785145592587,100
7701,800000,105,14,57142,0.34310261708222956,20000,1.0,Zhu et al. LDP-IHT,,0.15,100.0,3.842606537234849,0.9988135963210667,100
7701,800000,105,14,57142,0.34310261708222956,20000,1.0,Zhu et al. LDP-IHT,,0.3,100.0,12.296340919151517,1.0172450651634328,100
7701,800000,105,14,57142,0.34310261708222956,20000,1.0,Zhu et al. LDP-IHT,,0.6,100.0,43.03719321703031,1.0343893276756568,100
7701,1600000,105,15,106666,0.3430465547689673,20000,,Non-private proximal,,,,,0.8490146810121814,52
7701,1600000,105,15,106666,0.3430465547689673,20000,,Constant predictor,,,,,1.06894589125204,0
7701,1600000,105,15,106666,0.3430465547689673,20000,1.0,Full-Record LDP Lasso (ours),0.05,,,2.0,0.8793608204737862,69
7701,1600000,105,15,106666,0.3430465547689673,20000,1.0,"Zhu et al. LDP-IHT, matched radius",,,10.0,2.0,0.8941138018717523,10
7701,1600000,105,15,106666,0.3430465547689673,20000,1.0,Zhu et al. LDP-IHT,,0.03,10.0,0.33657185612162327,0.9686060471892619,10
7701,1600000,105,15,106666,0.3430465547689673,20000,1.0,Zhu et al. LDP-IHT,,0.07,10.0,0.8760647007281646,0.9600060388592655,10
7701,1600000,105,15,106666,0.3430465547689673,20000,1.0,Zhu et al. LDP-IHT,,0.15,10.0,2.2661259434648238,0.9526845064824615,10
7701,1600000,105,15,106666,0.3430465547689673,20000,1.0,Zhu et al. LDP-IHT,,0.3,10.0,5.9904185440714155,1.0232919903463897,10
7701,1600000,105,15,106666,0.3430465547689673,20000,1.0,Zhu et al. LDP-IHT,,0.6,10.0,17.813503716709906,1.032855381735793,10
7701,1600000,105,15,106666,0.3430465547689673,20000,1.0,"Zhu et al. LDP-IHT, matched radius",,,25.0,2.0,0.8718424452155091,25
7701,1600000,105,15,106666,0.3430465547689673,20000,1.0,Zhu et al. LDP-IHT,,0.03,25.0,0.3535198014256061,0.9619849678328699,25
7701,1600000,105,15,106666,0.3430465547689673,20000,1.0,Zhu et al. LDP-IHT,,0.07,25.0,0.9683368473831823,0.921785330020204,25
7701,1600000,105,15,106666,0.3430465547689673,20000,1.0,Zhu et al. LDP-IHT,,0.15,25.0,2.689824576064394,0.9301353811275974,25
7701,1600000,105,15,106666,0.3430465547689673,20000,1.0,Zhu et al. LDP-IHT,,0.3,25.0,7.685213074469698,0.9735340137594606,25
7701,1600000,105,15,106666,0.3430465547689673,20000,1.0,Zhu et al. LDP-IHT,,0.6,25.0,24.592681838303033,1.175801878964361,25
7701,1600000,105,15,106666,0.3430465547689673,20000,1.0,"Zhu et al. LDP-IHT, matched radius",,,50.0,2.0,0.8783917967765634,50
7701,1600000,105,15,106666,0.3430465547689673,20000,1.0,Zhu et al. LDP-IHT,,0.03,50.0,0.37261971833664037,0.9494211016107823,50
7701,1600000,105,15,106666,0.3430465547689673,20000,1.0,Zhu et al. LDP-IHT,,0.07,50.0,1.0723252838988133,0.929839453733662,50
7701,1600000,105,15,106666,0.3430465547689673,20000,1.0,Zhu et al. LDP-IHT,,0.15,50.0,3.167322498840251,0.9404172547052959,50
7701,1600000,105,15,106666,0.3430465547689673,20000,1.0,Zhu et al. LDP-IHT,,0.3,50.0,9.595204765573126,1.0326193125227674,50
7701,1600000,105,15,106666,0.3430465547689673,20000,1.0,Zhu et al. LDP-IHT,,0.6,50.0,32.23264860271674,1.119895582389239,50
7701,1600000,105,15,106666,0.3430465547689673,20000,1.0,"Zhu et al. LDP-IHT, matched radius",,,100.0,2.0,0.8828180182871695,100
7701,1600000,105,15,106666,0.3430465547689673,20000,1.0,Zhu et al. LDP-IHT,,0.03,100.0,0.3996310798724243,0.9500276207809191,100
7701,1600000,105,15,106666,0.3430465547689673,20000,1.0,Zhu et al. LDP-IHT,,0.07,100.0,1.2193871411491926,0.9171054362498969,100
7701,1600000,105,15,106666,0.3430465547689673,20000,1.0,Zhu et al. LDP-IHT,,0.15,100.0,3.842606537234849,0.9524319409766996,100
7701,1600000,105,15,106666,0.3430465547689673,20000,1.0,Zhu et al. LDP-IHT,,0.3,100.0,12.296340919151517,1.007187024511533,100
7701,1600000,105,15,106666,0.3430465547689673,20000,1.0,Zhu et al. LDP-IHT,,0.6,100.0,43.03719321703031,1.0416460553045956,100
7702,200000,105,13,15384,0.3427789553392808,20000,,Non-private proximal,,,,,0.8676930604328567,25
7702,200000,105,13,15384,0.3427789553392808,20000,,Constant predictor,,,,,1.0670751053421268,0
7702,200000,105,13,15384,0.3427789553392808,20000,1.0,Full-Record LDP Lasso (ours),0.05,,,2.0,0.9385738376963574,63
7702,200000,105,13,15384,0.3427789553392808,20000,1.0,"Zhu et al. LDP-IHT, matched radius",,,10.0,2.0,0.9907965861409265,10
7702,200000,105,13,15384,0.3427789553392808,20000,1.0,Zhu et al. LDP-IHT,,0.03,10.0,0.33657185612162327,0.9992774859840432,10
7702,200000,105,13,15384,0.3427789553392808,20000,1.0,Zhu et al. LDP-IHT,,0.07,10.0,0.8760647007281646,0.9745935194814914,10
7702,200000,105,13,15384,0.3427789553392808,20000,1.0,Zhu et al. LDP-IHT,,0.15,10.0,2.2661259434648238,0.9715342899004913,10
7702,200000,105,13,15384,0.3427789553392808,20000,1.0,Zhu et al. LDP-IHT,,0.3,10.0,5.9904185440714155,1.0527343318578006,10
7702,200000,105,13,15384,0.3427789553392808,20000,1.0,Zhu et al. LDP-IHT,,0.6,10.0,17.813503716709906,1.0604052054681132,10
7702,200000,105,13,15384,0.3427789553392808,20000,1.0,"Zhu et al. LDP-IHT, matched radius",,,25.0,2.0,0.9392208438016171,25
7702,200000,105,13,15384,0.3427789553392808,20000,1.0,Zhu et al. LDP-IHT,,0.03,25.0,0.3535198014256061,0.9700845752553481,25
7702,200000,105,13,15384,0.3427789553392808,20000,1.0,Zhu et al. LDP-IHT,,0.07,25.0,0.9683368473831823,0.979518460273845,25
7702,200000,105,13,15384,0.3427789553392808,20000,1.0,Zhu et al. LDP-IHT,,0.15,25.0,2.689824576064394,1.0138068263503082,25
7702,200000,105,13,15384,0.3427789553392808,20000,1.0,Zhu et al. LDP-IHT,,0.3,25.0,7.685213074469698,1.0620677378019636,25
7702,200000,105,13,15384,0.3427789553392808,20000,1.0,Zhu et al. LDP-IHT,,0.6,25.0,24.592681838303033,1.1438977664029102,25
7702,200000,105,13,15384,0.3427789553392808,20000,1.0,"Zhu et al. LDP-IHT, matched radius",,,50.0,2.0,0.9558824363530865,50
7702,200000,105,13,15384,0.3427789553392808,20000,1.0,Zhu et al. LDP-IHT,,0.03,50.0,0.37261971833664037,0.9453159177235462,50
7702,200000,105,13,15384,0.3427789553392808,20000,1.0,Zhu et al. LDP-IHT,,0.07,50.0,1.0723252838988133,0.9838862396281252,50
7702,200000,105,13,15384,0.3427789553392808,20000,1.0,Zhu et al. LDP-IHT,,0.15,50.0,3.167322498840251,1.0211660547680153,50
7702,200000,105,13,15384,0.3427789553392808,20000,1.0,Zhu et al. LDP-IHT,,0.3,50.0,9.595204765573126,1.0545885664393044,50
7702,200000,105,13,15384,0.3427789553392808,20000,1.0,Zhu et al. LDP-IHT,,0.6,50.0,32.23264860271674,1.065314212998754,50
7702,200000,105,13,15384,0.3427789553392808,20000,1.0,"Zhu et al. LDP-IHT, matched radius",,,100.0,2.0,0.940067420578016,100
7702,200000,105,13,15384,0.3427789553392808,20000,1.0,Zhu et al. LDP-IHT,,0.03,100.0,0.3996310798724243,0.959293792752321,100
7702,200000,105,13,15384,0.3427789553392808,20000,1.0,Zhu et al. LDP-IHT,,0.07,100.0,1.2193871411491926,1.0008733149687947,100
7702,200000,105,13,15384,0.3427789553392808,20000,1.0,Zhu et al. LDP-IHT,,0.15,100.0,3.842606537234849,1.0306605028781026,100
7702,200000,105,13,15384,0.3427789553392808,20000,1.0,Zhu et al. LDP-IHT,,0.3,100.0,12.296340919151517,1.0957830071660135,100
7702,200000,105,13,15384,0.3427789553392808,20000,1.0,Zhu et al. LDP-IHT,,0.6,100.0,43.03719321703031,1.0842507243113169,100
7702,400000,105,13,30769,0.342740507517715,20000,,Non-private proximal,,,,,0.8601294931944833,36
7702,400000,105,13,30769,0.342740507517715,20000,,Constant predictor,,,,,1.0671018557024652,0
7702,400000,105,13,30769,0.342740507517715,20000,1.0,Full-Record LDP Lasso (ours),0.05,,,2.0,0.9307720986611265,68
7702,400000,105,13,30769,0.342740507517715,20000,1.0,"Zhu et al. LDP-IHT, matched radius",,,10.0,2.0,0.9229075568206467,10
7702,400000,105,13,30769,0.342740507517715,20000,1.0,Zhu et al. LDP-IHT,,0.03,10.0,0.33657185612162327,0.9981059198621813,10
7702,400000,105,13,30769,0.342740507517715,20000,1.0,Zhu et al. LDP-IHT,,0.07,10.0,0.8760647007281646,0.9517649820053108,10
7702,400000,105,13,30769,0.342740507517715,20000,1.0,Zhu et al. LDP-IHT,,0.15,10.0,2.2661259434648238,1.052015186401758,10
7702,400000,105,13,30769,0.342740507517715,20000,1.0,Zhu et al. LDP-IHT,,0.3,10.0,5.9904185440714155,1.0830848507515691,10
7702,400000,105,13,30769,0.342740507517715,20000,1.0,Zhu et al. LDP-IHT,,0.6,10.0,17.813503716709906,1.026149874504917,10
7702,400000,105,13,30769,0.342740507517715,20000,1.0,"Zhu et al. LDP-IHT, matched radius",,,25.0,2.0,0.9021115885399862,25
7702,400000,105,13,30769,0.342740507517715,20000,1.0,Zhu et al. LDP-IHT,,0.03,25.0,0.3535198014256061,0.9636025133057791,25
7702,400000,105,13,30769,0.342740507517715,20000,1.0,Zhu et al. LDP-IHT,,0.07,25.0,0.9683368473831823,0.9551937295945288,25
7702,400000,105,13,30769,0.342740507517715,20000,1.0,Zhu et al. LDP-IHT,,0.15,25.0,2.689824576064394,0.9532395107335792,25
7702,400000,105,13,30769,0.342740507517715,20000,1.0,Zhu et al. LDP-IHT,,0.3,25.0,7.685213074469698,0.9787402653975342,25
7702,400000,105,13,30769,0.342740507517715,20000,1.0,Zhu et al. LDP-IHT,,0.6,25.0,24.592681838303033,1.0841989668906644,25
7702,400000,105,13,30769,0.342740507517715,20000,1.0,"Zhu et al. LDP-IHT, matched radius",,,50.0,2.0,0.9342012460470147,50
7702,400000,105,13,30769,0.342740507517715,20000,1.0,Zhu et al. LDP-IHT,,0.03,50.0,0.37261971833664037,0.9567474169355907,50
7702,400000,105,13,30769,0.342740507517715,20000,1.0,Zhu et al. LDP-IHT,,0.07,50.0,1.0723252838988133,0.9648437693353312,50
7702,400000,105,13,30769,0.342740507517715,20000,1.0,Zhu et al. LDP-IHT,,0.15,50.0,3.167322498840251,1.0485137810482679,50
7702,400000,105,13,30769,0.342740507517715,20000,1.0,Zhu et al. LDP-IHT,,0.3,50.0,9.595204765573126,1.0192390122423145,50
7702,400000,105,13,30769,0.342740507517715,20000,1.0,Zhu et al. LDP-IHT,,0.6,50.0,32.23264860271674,1.0714497587281424,50
7702,400000,105,13,30769,0.342740507517715,20000,1.0,"Zhu et al. LDP-IHT, matched radius",,,100.0,2.0,0.9451014492285633,100
7702,400000,105,13,30769,0.342740507517715,20000,1.0,Zhu et al. LDP-IHT,,0.03,100.0,0.3996310798724243,0.955343618906103,100
7702,400000,105,13,30769,0.342740507517715,20000,1.0,Zhu et al. LDP-IHT,,0.07,100.0,1.2193871411491926,0.9545637331647441,100
7702,400000,105,13,30769,0.342740507517715,20000,1.0,Zhu et al. LDP-IHT,,0.15,100.0,3.842606537234849,1.0531078029374854,100
7702,400000,105,13,30769,0.342740507517715,20000,1.0,Zhu et al. LDP-IHT,,0.3,100.0,12.296340919151517,1.061243696121265,100
7702,400000,105,13,30769,0.342740507517715,20000,1.0,Zhu et al. LDP-IHT,,0.6,100.0,43.03719321703031,1.0477468702965893,100
7702,800000,105,14,57142,0.3428806341677446,20000,,Non-private proximal,,,,,0.8554965253259108,42
7702,800000,105,14,57142,0.3428806341677446,20000,,Constant predictor,,,,,1.0671246294262788,0
7702,800000,105,14,57142,0.3428806341677446,20000,1.0,Full-Record LDP Lasso (ours),0.05,,,2.0,0.8871696949726323,69
7702,800000,105,14,57142,0.3428806341677446,20000,1.0,"Zhu et al. LDP-IHT, matched radius",,,10.0,2.0,0.9187555409847645,10
7702,800000,105,14,57142,0.3428806341677446,20000,1.0,Zhu et al. LDP-IHT,,0.03,10.0,0.33657185612162327,0.9748448835628146,10
7702,800000,105,14,57142,0.3428806341677446,20000,1.0,Zhu et al. LDP-IHT,,0.07,10.0,0.8760647007281646,0.926390912304565,10
7702,800000,105,14,57142,0.3428806341677446,20000,1.0,Zhu et al. LDP-IHT,,0.15,10.0,2.2661259434648238,0.9340436320565565,10
7702,800000,105,14,57142,0.3428806341677446,20000,1.0,Zhu et al. LDP-IHT,,0.3,10.0,5.9904185440714155,1.0078987927718417,10
7702,800000,105,14,57142,0.3428806341677446,20000,1.0,Zhu et al. LDP-IHT,,0.6,10.0,17.813503716709906,1.1249747356180868,10
7702,800000,105,14,57142,0.3428806341677446,20000,1.0,"Zhu et al. LDP-IHT, matched radius",,,25.0,2.0,0.9068874486650592,25
7702,800000,105,14,57142,0.3428806341677446,20000,1.0,Zhu et al. LDP-IHT,,0.03,25.0,0.3535198014256061,0.9639265974122881,25
7702,800000,105,14,57142,0.3428806341677446,20000,1.0,Zhu et al. LDP-IHT,,0.07,25.0,0.9683368473831823,0.9256576682250456,25
7702,800000,105,14,57142,0.3428806341677446,20000,1.0,Zhu et al. LDP-IHT,,0.15,25.0,2.689824576064394,0.9630139049001939,25
7702,800000,105,14,57142,0.3428806341677446,20000,1.0,Zhu et al. LDP-IHT,,0.3,25.0,7.685213074469698,1.0255738721144327,25
7702,800000,105,14,57142,0.3428806341677446,20000,1.0,Zhu et al. LDP-IHT,,0.6,25.0,24.592681838303033,1.0588890074284751,25
7702,800000,105,14,57142,0.3428806341677446,20000,1.0,"Zhu et al. LDP-IHT, matched radius",,,50.0,2.0,0.9072925116906919,50
7702,800000,105,14,57142,0.3428806341677446,20000,1.0,Zhu et al. LDP-IHT,,0.03,50.0,0.37261971833664037,0.9712061770441031,50
7702,800000,105,14,57142,0.3428806341677446,20000,1.0,Zhu et al. LDP-IHT,,0.07,50.0,1.0723252838988133,0.9436947510708812,50
7702,800000,105,14,57142,0.3428806341677446,20000,1.0,Zhu et al. LDP-IHT,,0.15,50.0,3.167322498840251,0.9652564463875994,50
7702,800000,105,14,57142,0.3428806341677446,20000,1.0,Zhu et al. LDP-IHT,,0.3,50.0,9.595204765573126,1.0341139315838634,50
7702,800000,105,14,57142,0.3428806341677446,20000,1.0,Zhu et al. LDP-IHT,,0.6,50.0,32.23264860271674,1.138770567726,50
7702,800000,105,14,57142,0.3428806341677446,20000,1.0,"Zhu et al. LDP-IHT, matched radius",,,100.0,2.0,0.9122376271222039,100
7702,800000,105,14,57142,0.3428806341677446,20000,1.0,Zhu et al. LDP-IHT,,0.03,100.0,0.3996310798724243,0.9348074931183182,100
7702,800000,105,14,57142,0.3428806341677446,20000,1.0,Zhu et al. LDP-IHT,,0.07,100.0,1.2193871411491926,0.9264246103749537,100
7702,800000,105,14,57142,0.3428806341677446,20000,1.0,Zhu et al. LDP-IHT,,0.15,100.0,3.842606537234849,1.0056763374794642,100
7702,800000,105,14,57142,0.3428806341677446,20000,1.0,Zhu et al. LDP-IHT,,0.3,100.0,12.296340919151517,1.0659424936354287,100
7702,800000,105,14,57142,0.3428806341677446,20000,1.0,Zhu et al. LDP-IHT,,0.6,100.0,43.03719321703031,1.1322377335326812,100
7702,1600000,105,15,106666,0.34298790813754726,20000,,Non-private proximal,,,,,0.8529031504964908,52
7702,1600000,105,15,106666,0.34298790813754726,20000,,Constant predictor,,,,,1.0671167132945685,0
7702,1600000,105,15,106666,0.34298790813754726,20000,1.0,Full-Record LDP Lasso (ours),0.05,,,2.0,0.886632308713457,72
7702,1600000,105,15,106666,0.34298790813754726,20000,1.0,"Zhu et al. LDP-IHT, matched radius",,,10.0,2.0,0.908358583409339,10
7702,1600000,105,15,106666,0.34298790813754726,20000,1.0,Zhu et al. LDP-IHT,,0.03,10.0,0.33657185612162327,0.9767364272776768,10
7702,1600000,105,15,106666,0.34298790813754726,20000,1.0,Zhu et al. LDP-IHT,,0.07,10.0,0.8760647007281646,0.9605004860634402,10
7702,1600000,105,15,106666,0.34298790813754726,20000,1.0,Zhu et al. LDP-IHT,,0.15,10.0,2.2661259434648238,0.94968939741401,10
7702,1600000,105,15,106666,0.34298790813754726,20000,1.0,Zhu et al. LDP-IHT,,0.3,10.0,5.9904185440714155,0.98060508619325,10
7702,1600000,105,15,106666,0.34298790813754726,20000,1.0,Zhu et al. LDP-IHT,,0.6,10.0,17.813503716709906,1.0921567269656278,10
7702,1600000,105,15,106666,0.34298790813754726,20000,1.0,"Zhu et al. LDP-IHT, matched radius",,,25.0,2.0,0.8863226648213445,25
7702,1600000,105,15,106666,0.34298790813754726,20000,1.0,Zhu et al. LDP-IHT,,0.03,25.0,0.3535198014256061,0.9554954724044186,25
7702,1600000,105,15,106666,0.34298790813754726,20000,1.0,Zhu et al. LDP-IHT,,0.07,25.0,0.9683368473831823,0.9251773040976,25
7702,1600000,105,15,106666,0.34298790813754726,20000,1.0,Zhu et al. LDP-IHT,,0.15,25.0,2.689824576064394,0.9403063466775291,25
7702,1600000,105,15,106666,0.34298790813754726,20000,1.0,Zhu et al. LDP-IHT,,0.3,25.0,7.685213074469698,1.0017130892322545,25
7702,1600000,105,15,106666,0.34298790813754726,20000,1.0,Zhu et al. LDP-IHT,,0.6,25.0,24.592681838303033,1.0584835198923688,25
7702,1600000,105,15,106666,0.34298790813754726,20000,1.0,"Zhu et al. LDP-IHT, matched radius",,,50.0,2.0,0.8875511182642907,50
7702,1600000,105,15,106666,0.34298790813754726,20000,1.0,Zhu et al. LDP-IHT,,0.03,50.0,0.37261971833664037,0.9414191780608572,50
7702,1600000,105,15,106666,0.34298790813754726,20000,1.0,Zhu et al. LDP-IHT,,0.07,50.0,1.0723252838988133,0.9071838438344412,50
7702,1600000,105,15,106666,0.34298790813754726,20000,1.0,Zhu et al. LDP-IHT,,0.15,50.0,3.167322498840251,0.9840477882336061,50
7702,1600000,105,15,106666,0.34298790813754726,20000,1.0,Zhu et al. LDP-IHT,,0.3,50.0,9.595204765573126,1.038006340314628,50
7702,1600000,105,15,106666,0.34298790813754726,20000,1.0,Zhu et al. LDP-IHT,,0.6,50.0,32.23264860271674,1.070201759980964,50
7702,1600000,105,15,106666,0.34298790813754726,20000,1.0,"Zhu et al. LDP-IHT, matched radius",,,100.0,2.0,0.875332673978313,100
7702,1600000,105,15,106666,0.34298790813754726,20000,1.0,Zhu et al. LDP-IHT,,0.03,100.0,0.3996310798724243,0.9447132253584088,100
7702,1600000,105,15,106666,0.34298790813754726,20000,1.0,Zhu et al. LDP-IHT,,0.07,100.0,1.2193871411491926,0.9301058001841538,100
7702,1600000,105,15,106666,0.34298790813754726,20000,1.0,Zhu et al. LDP-IHT,,0.15,100.0,3.842606537234849,0.9621692318862326,100
7702,1600000,105,15,106666,0.34298790813754726,20000,1.0,Zhu et al. LDP-IHT,,0.3,100.0,12.296340919151517,1.0440504436011642,100
7702,1600000,105,15,106666,0.34298790813754726,20000,1.0,Zhu et al. LDP-IHT,,0.6,100.0,43.03719321703031,1.094951842608216,100
7703,200000,105,13,15384,0.3428883737897116,20000,,Non-private proximal,,,,,0.8678511733631404,25
7703,200000,105,13,15384,0.3428883737897116,20000,,Constant predictor,,,,,1.0746994921438016,0
7703,200000,105,13,15384,0.3428883737897116,20000,1.0,Full-Record LDP Lasso (ours),0.05,,,2.0,0.950349157751945,65
7703,200000,105,13,15384,0.3428883737897116,20000,1.0,"Zhu et al. LDP-IHT, matched radius",,,10.0,2.0,0.9656646860788819,10
7703,200000,105,13,15384,0.3428883737897116,20000,1.0,Zhu et al. LDP-IHT,,0.03,10.0,0.33657185612162327,0.9832347871583936,10
7703,200000,105,13,15384,0.3428883737897116,20000,1.0,Zhu et al. LDP-IHT,,0.07,10.0,0.8760647007281646,0.9731369853338767,10
7703,200000,105,13,15384,0.3428883737897116,20000,1.0,Zhu et al. LDP-IHT,,0.15,10.0,2.2661259434648238,1.0255811877280325,10
7703,200000,105,13,15384,0.3428883737897116,20000,1.0,Zhu et al. LDP-IHT,,0.3,10.0,5.9904185440714155,1.0243402564646118,10
7703,200000,105,13,15384,0.3428883737897116,20000,1.0,Zhu et al. LDP-IHT,,0.6,10.0,17.813503716709906,1.0517207447249812,10
7703,200000,105,13,15384,0.3428883737897116,20000,1.0,"Zhu et al. LDP-IHT, matched radius",,,25.0,2.0,0.9328743823853543,25
7703,200000,105,13,15384,0.3428883737897116,20000,1.0,Zhu et al. LDP-IHT,,0.03,25.0,0.3535198014256061,0.9969516757752543,25
7703,200000,105,13,15384,0.3428883737897116,20000,1.0,Zhu et al. LDP-IHT,,0.07,25.0,0.9683368473831823,0.9671244287040153,25
7703,200000,105,13,15384,0.3428883737897116,20000,1.0,Zhu et al. LDP-IHT,,0.15,25.0,2.689824576064394,1.1130943316423711,25
7703,200000,105,13,15384,0.3428883737897116,20000,1.0,Zhu et al. LDP-IHT,,0.3,25.0,7.685213074469698,1.0992483840020133,25
7703,200000,105,13,15384,0.3428883737897116,20000,1.0,Zhu et al. LDP-IHT,,0.6,25.0,24.592681838303033,1.054678789545071,25
7703,200000,105,13,15384,0.3428883737897116,20000,1.0,"Zhu et al. LDP-IHT, matched radius",,,50.0,2.0,0.9559064744190198,50
7703,200000,105,13,15384,0.3428883737897116,20000,1.0,Zhu et al. LDP-IHT,,0.03,50.0,0.37261971833664037,0.9692032727448547,50
7703,200000,105,13,15384,0.3428883737897116,20000,1.0,Zhu et al. LDP-IHT,,0.07,50.0,1.0723252838988133,0.9850115378873182,50
7703,200000,105,13,15384,0.3428883737897116,20000,1.0,Zhu et al. LDP-IHT,,0.15,50.0,3.167322498840251,1.0496685056223412,50
7703,200000,105,13,15384,0.3428883737897116,20000,1.0,Zhu et al. LDP-IHT,,0.3,50.0,9.595204765573126,1.042333642563716,50
7703,200000,105,13,15384,0.3428883737897116,20000,1.0,Zhu et al. LDP-IHT,,0.6,50.0,32.23264860271674,1.1078053512604362,50
7703,200000,105,13,15384,0.3428883737897116,20000,1.0,"Zhu et al. LDP-IHT, matched radius",,,100.0,2.0,0.9426573824848756,100
7703,200000,105,13,15384,0.3428883737897116,20000,1.0,Zhu et al. LDP-IHT,,0.03,100.0,0.3996310798724243,0.9706650063404207,100
7703,200000,105,13,15384,0.3428883737897116,20000,1.0,Zhu et al. LDP-IHT,,0.07,100.0,1.2193871411491926,1.01579821427297,100
7703,200000,105,13,15384,0.3428883737897116,20000,1.0,Zhu et al. LDP-IHT,,0.15,100.0,3.842606537234849,1.0311868646833426,100
7703,200000,105,13,15384,0.3428883737897116,20000,1.0,Zhu et al. LDP-IHT,,0.3,100.0,12.296340919151517,1.0730906287404047,100
7703,200000,105,13,15384,0.3428883737897116,20000,1.0,Zhu et al. LDP-IHT,,0.6,100.0,43.03719321703031,1.0685710878103643,100
7703,400000,105,13,30769,0.3428151385271485,20000,,Non-private proximal,,,,,0.8597634685645043,35
7703,400000,105,13,30769,0.3428151385271485,20000,,Constant predictor,,,,,1.0747095302466592,0
7703,400000,105,13,30769,0.3428151385271485,20000,1.0,Full-Record LDP Lasso (ours),0.05,,,2.0,0.914020540220437,64
7703,400000,105,13,30769,0.3428151385271485,20000,1.0,"Zhu et al. LDP-IHT, matched radius",,,10.0,2.0,0.9480110827965154,10
7703,400000,105,13,30769,0.3428151385271485,20000,1.0,Zhu et al. LDP-IHT,,0.03,10.0,0.33657185612162327,0.9756313705193984,10
7703,400000,105,13,30769,0.3428151385271485,20000,1.0,Zhu et al. LDP-IHT,,0.07,10.0,0.8760647007281646,0.9456284912635438,10
7703,400000,105,13,30769,0.3428151385271485,20000,1.0,Zhu et al. LDP-IHT,,0.15,10.0,2.2661259434648238,0.9666685759056924,10
7703,400000,105,13,30769,0.3428151385271485,20000,1.0,Zhu et al. LDP-IHT,,0.3,10.0,5.9904185440714155,1.0450158443945765,10
7703,400000,105,13,30769,0.3428151385271485,20000,1.0,Zhu et al. LDP-IHT,,0.6,10.0,17.813503716709906,1.0914721228918491,10
7703,400000,105,13,30769,0.3428151385271485,20000,1.0,"Zhu et al. LDP-IHT, matched radius",,,25.0,2.0,0.967303624284666,25
7703,400000,105,13,30769,0.3428151385271485,20000,1.0,Zhu et al. LDP-IHT,,0.03,25.0,0.3535198014256061,0.9667099738063665,25
7703,400000,105,13,30769,0.3428151385271485,20000,1.0,Zhu et al. LDP-IHT,,0.07,25.0,0.9683368473831823,0.9582205777882578,25
7703,400000,105,13,30769,0.3428151385271485,20000,1.0,Zhu et al. LDP-IHT,,0.15,25.0,2.689824576064394,1.011645029179429,25
7703,400000,105,13,30769,0.3428151385271485,20000,1.0,Zhu et al. LDP-IHT,,0.3,25.0,7.685213074469698,1.06924404680681,25
7703,400000,105,13,30769,0.3428151385271485,20000,1.0,Zhu et al. LDP-IHT,,0.6,25.0,24.592681838303033,1.0340678914559915,25
7703,400000,105,13,30769,0.3428151385271485,20000,1.0,"Zhu et al. LDP-IHT, matched radius",,,50.0,2.0,0.9196072512515442,50
7703,400000,105,13,30769,0.3428151385271485,20000,1.0,Zhu et al. LDP-IHT,,0.03,50.0,0.37261971833664037,0.9665437933264247,50
7703,400000,105,13,30769,0.3428151385271485,20000,1.0,Zhu et al. LDP-IHT,,0.07,50.0,1.0723252838988133,0.9512721804122375,50
7703,400000,105,13,30769,0.3428151385271485,20000,1.0,Zhu et al. LDP-IHT,,0.15,50.0,3.167322498840251,1.0154602659556176,50
7703,400000,105,13,30769,0.3428151385271485,20000,1.0,Zhu et al. LDP-IHT,,0.3,50.0,9.595204765573126,1.042017292480774,50
7703,400000,105,13,30769,0.3428151385271485,20000,1.0,Zhu et al. LDP-IHT,,0.6,50.0,32.23264860271674,1.1180458795176518,50
7703,400000,105,13,30769,0.3428151385271485,20000,1.0,"Zhu et al. LDP-IHT, matched radius",,,100.0,2.0,0.9462129566776436,100
7703,400000,105,13,30769,0.3428151385271485,20000,1.0,Zhu et al. LDP-IHT,,0.03,100.0,0.3996310798724243,0.9577343044611075,100
7703,400000,105,13,30769,0.3428151385271485,20000,1.0,Zhu et al. LDP-IHT,,0.07,100.0,1.2193871411491926,1.0309458229355664,100
7703,400000,105,13,30769,0.3428151385271485,20000,1.0,Zhu et al. LDP-IHT,,0.15,100.0,3.842606537234849,1.056084673461221,100
7703,400000,105,13,30769,0.3428151385271485,20000,1.0,Zhu et al. LDP-IHT,,0.3,100.0,12.296340919151517,1.0246522172488894,100
7703,400000,105,13,30769,0.3428151385271485,20000,1.0,Zhu et al. LDP-IHT,,0.6,100.0,43.03719321703031,1.11618968884945,100
7703,800000,105,14,57142,0.34291024455766567,20000,,Non-private proximal,,,,,0.8551079939843803,43
7703,800000,105,14,57142,0.34291024455766567,20000,,Constant predictor,,,,,1.0746937370008958,0
7703,800000,105,14,57142,0.34291024455766567,20000,1.0,Full-Record LDP Lasso (ours),0.05,,,2.0,0.901321868519421,65
7703,800000,105,14,57142,0.34291024455766567,20000,1.0,"Zhu et al. LDP-IHT, matched radius",,,10.0,2.0,0.9001897444944889,10
7703,800000,105,14,57142,0.34291024455766567,20000,1.0,Zhu et al. LDP-IHT,,0.03,10.0,0.33657185612162327,0.9841169001806469,10
7703,800000,105,14,57142,0.34291024455766567,20000,1.0,Zhu et al. LDP-IHT,,0.07,10.0,0.8760647007281646,0.9368598887996366,10
7703,800000,105,14,57142,0.34291024455766567,20000,1.0,Zhu et al. LDP-IHT,,0.15,10.0,2.2661259434648238,0.9370975364491774,10
7703,800000,105,14,57142,0.34291024455766567,20000,1.0,Zhu et al. LDP-IHT,,0.3,10.0,5.9904185440714155,0.9896984984345333,10
7703,800000,105,14,57142,0.34291024455766567,20000,1.0,Zhu et al. LDP-IHT,,0.6,10.0,17.813503716709906,1.0814961226697606,10
7703,800000,105,14,57142,0.34291024455766567,20000,1.0,"Zhu et al. LDP-IHT, matched radius",,,25.0,2.0,0.8931957978408502,25
7703,800000,105,14,57142,0.34291024455766567,20000,1.0,Zhu et al. LDP-IHT,,0.03,25.0,0.3535198014256061,0.9605594048735847,25
7703,800000,105,14,57142,0.34291024455766567,20000,1.0,Zhu et al. LDP-IHT,,0.07,25.0,0.9683368473831823,0.9323563685783657,25
7703,800000,105,14,57142,0.34291024455766567,20000,1.0,Zhu et al. LDP-IHT,,0.15,25.0,2.689824576064394,0.976394999399488,25
7703,800000,105,14,57142,0.34291024455766567,20000,1.0,Zhu et al. LDP-IHT,,0.3,25.0,7.685213074469698,1.0302562968220896,25
7703,800000,105,14,57142,0.34291024455766567,20000,1.0,Zhu et al. LDP-IHT,,0.6,25.0,24.592681838303033,1.1231193772623749,25
7703,800000,105,14,57142,0.34291024455766567,20000,1.0,"Zhu et al. LDP-IHT, matched radius",,,50.0,2.0,0.9200458381836745,50
7703,800000,105,14,57142,0.34291024455766567,20000,1.0,Zhu et al. LDP-IHT,,0.03,50.0,0.37261971833664037,0.9477562714790116,50
7703,800000,105,14,57142,0.34291024455766567,20000,1.0,Zhu et al. LDP-IHT,,0.07,50.0,1.0723252838988133,0.9286466433406606,50
7703,800000,105,14,57142,0.34291024455766567,20000,1.0,Zhu et al. LDP-IHT,,0.15,50.0,3.167322498840251,0.9681885076901054,50
7703,800000,105,14,57142,0.34291024455766567,20000,1.0,Zhu et al. LDP-IHT,,0.3,50.0,9.595204765573126,1.0849726805797575,50
7703,800000,105,14,57142,0.34291024455766567,20000,1.0,Zhu et al. LDP-IHT,,0.6,50.0,32.23264860271674,1.0401475654054413,50
7703,800000,105,14,57142,0.34291024455766567,20000,1.0,"Zhu et al. LDP-IHT, matched radius",,,100.0,2.0,0.9077498475975494,100
7703,800000,105,14,57142,0.34291024455766567,20000,1.0,Zhu et al. LDP-IHT,,0.03,100.0,0.3996310798724243,0.9383794676010917,100
7703,800000,105,14,57142,0.34291024455766567,20000,1.0,Zhu et al. LDP-IHT,,0.07,100.0,1.2193871411491926,0.9482038044820523,100
7703,800000,105,14,57142,0.34291024455766567,20000,1.0,Zhu et al. LDP-IHT,,0.15,100.0,3.842606537234849,1.0298291795426981,100
7703,800000,105,14,57142,0.34291024455766567,20000,1.0,Zhu et al. LDP-IHT,,0.3,100.0,12.296340919151517,0.9908663008906587,100
7703,800000,105,14,57142,0.34291024455766567,20000,1.0,Zhu et al. LDP-IHT,,0.6,100.0,43.03719321703031,1.0931661981622747,100
7703,1600000,105,15,106666,0.34299933878300837,20000,,Non-private proximal,,,,,0.8524374195657577,52
7703,1600000,105,15,106666,0.34299933878300837,20000,,Constant predictor,,,,,1.0746971472798759,0
7703,1600000,105,15,106666,0.34299933878300837,20000,1.0,Full-Record LDP Lasso (ours),0.05,,,2.0,0.8879394411931859,72
7703,1600000,105,15,106666,0.34299933878300837,20000,1.0,"Zhu et al. LDP-IHT, matched radius",,,10.0,2.0,0.8990692039035629,10
7703,1600000,105,15,106666,0.34299933878300837,20000,1.0,Zhu et al. LDP-IHT,,0.03,10.0,0.33657185612162327,0.9701325024605438,10
7703,1600000,105,15,106666,0.34299933878300837,20000,1.0,Zhu et al. LDP-IHT,,0.07,10.0,0.8760647007281646,0.966096396065585,10
7703,1600000,105,15,106666,0.34299933878300837,20000,1.0,Zhu et al. LDP-IHT,,0.15,10.0,2.2661259434648238,0.9392038390074098,10
7703,1600000,105,15,106666,0.34299933878300837,20000,1.0,Zhu et al. LDP-IHT,,0.3,10.0,5.9904185440714155,0.9503225714658071,10
7703,1600000,105,15,106666,0.34299933878300837,20000,1.0,Zhu et al. LDP-IHT,,0.6,10.0,17.813503716709906,1.0066918404061107,10
7703,1600000,105,15,106666,0.34299933878300837,20000,1.0,"Zhu et al. LDP-IHT, matched radius",,,25.0,2.0,0.8862247437170273,25
7703,1600000,105,15,106666,0.34299933878300837,20000,1.0,Zhu et al. LDP-IHT,,0.03,25.0,0.3535198014256061,0.9565386316875026,25
7703,1600000,105,15,106666,0.34299933878300837,20000,1.0,Zhu et al. LDP-IHT,,0.07,25.0,0.9683368473831823,0.9192975987328124,25
7703,1600000,105,15,106666,0.34299933878300837,20000,1.0,Zhu et al. LDP-IHT,,0.15,25.0,2.689824576064394,0.9467093948121038,25
7703,1600000,105,15,106666,0.34299933878300837,20000,1.0,Zhu et al. LDP-IHT,,0.3,25.0,7.685213074469698,1.0626878759950102,25
7703,1600000,105,15,106666,0.34299933878300837,20000,1.0,Zhu et al. LDP-IHT,,0.6,25.0,24.592681838303033,1.1068723689266737,25
7703,1600000,105,15,106666,0.34299933878300837,20000,1.0,"Zhu et al. LDP-IHT, matched radius",,,50.0,2.0,0.8811998192713586,50
7703,1600000,105,15,106666,0.34299933878300837,20000,1.0,Zhu et al. LDP-IHT,,0.03,50.0,0.37261971833664037,0.9515575322086021,50
7703,1600000,105,15,106666,0.34299933878300837,20000,1.0,Zhu et al. LDP-IHT,,0.07,50.0,1.0723252838988133,0.9480093959152591,50
7703,1600000,105,15,106666,0.34299933878300837,20000,1.0,Zhu et al. LDP-IHT,,0.15,50.0,3.167322498840251,0.9422901796525371,50
7703,1600000,105,15,106666,0.34299933878300837,20000,1.0,Zhu et al. LDP-IHT,,0.3,50.0,9.595204765573126,1.0092812410561105,50
7703,1600000,105,15,106666,0.34299933878300837,20000,1.0,Zhu et al. LDP-IHT,,0.6,50.0,32.23264860271674,1.0457742974711928,50
7703,1600000,105,15,106666,0.34299933878300837,20000,1.0,"Zhu et al. LDP-IHT, matched radius",,,100.0,2.0,0.8803457771312263,100
7703,1600000,105,15,106666,0.34299933878300837,20000,1.0,Zhu et al. LDP-IHT,,0.03,100.0,0.3996310798724243,0.9290450763479948,100
7703,1600000,105,15,106666,0.34299933878300837,20000,1.0,Zhu et al. LDP-IHT,,0.07,100.0,1.2193871411491926,0.9342419542821464,100
7703,1600000,105,15,106666,0.34299933878300837,20000,1.0,Zhu et al. LDP-IHT,,0.15,100.0,3.842606537234849,0.9631632940689319,100
7703,1600000,105,15,106666,0.34299933878300837,20000,1.0,Zhu et al. LDP-IHT,,0.3,100.0,12.296340919151517,1.0182314104482781,100
7703,1600000,105,15,106666,0.34299933878300837,20000,1.0,Zhu et al. LDP-IHT,,0.6,100.0,43.03719321703031,1.0558117563976044,100
7704,200000,105,13,15384,0.34320019355777026,20000,,Non-private proximal,,,,,0.8661341298351517,24
7704,200000,105,13,15384,0.34320019355777026,20000,,Constant predictor,,,,,1.072374602110484,0
7704,200000,105,13,15384,0.34320019355777026,20000,1.0,Full-Record LDP Lasso (ours),0.05,,,2.0,0.9705210040273794,67
7704,200000,105,13,15384,0.34320019355777026,20000,1.0,"Zhu et al. LDP-IHT, matched radius",,,10.0,2.0,0.9601533647802512,10
7704,200000,105,13,15384,0.34320019355777026,20000,1.0,Zhu et al. LDP-IHT,,0.03,10.0,0.33657185612162327,1.003296032127716,10
7704,200000,105,13,15384,0.34320019355777026,20000,1.0,Zhu et al. LDP-IHT,,0.07,10.0,0.8760647007281646,1.000089864701101,10
7704,200000,105,13,15384,0.34320019355777026,20000,1.0,Zhu et al. LDP-IHT,,0.15,10.0,2.2661259434648238,1.0153815906677086,10
7704,200000,105,13,15384,0.34320019355777026,20000,1.0,Zhu et al. LDP-IHT,,0.3,10.0,5.9904185440714155,1.0683579282807463,10
7704,200000,105,13,15384,0.34320019355777026,20000,1.0,Zhu et al. LDP-IHT,,0.6,10.0,17.813503716709906,1.026457929569804,10
7704,200000,105,13,15384,0.34320019355777026,20000,1.0,"Zhu et al. LDP-IHT, matched radius",,,25.0,2.0,0.9525376066520286,25
7704,200000,105,13,15384,0.34320019355777026,20000,1.0,Zhu et al. LDP-IHT,,0.03,25.0,0.3535198014256061,0.9905305931966871,25
7704,200000,105,13,15384,0.34320019355777026,20000,1.0,Zhu et al. LDP-IHT,,0.07,25.0,0.9683368473831823,1.0356115023866719,25
7704,200000,105,13,15384,0.34320019355777026,20000,1.0,Zhu et al. LDP-IHT,,0.15,25.0,2.689824576064394,1.057006581305829,25
7704,200000,105,13,15384,0.34320019355777026,20000,1.0,Zhu et al. LDP-IHT,,0.3,25.0,7.685213074469698,1.032341243504904,25
7704,200000,105,13,15384,0.34320019355777026,20000,1.0,Zhu et al. LDP-IHT,,0.6,25.0,24.592681838303033,1.0850607214581265,25
7704,200000,105,13,15384,0.34320019355777026,20000,1.0,"Zhu et al. LDP-IHT, matched radius",,,50.0,2.0,0.9932631440009956,50
7704,200000,105,13,15384,0.34320019355777026,20000,1.0,Zhu et al. LDP-IHT,,0.03,50.0,0.37261971833664037,0.9645454689275356,50
7704,200000,105,13,15384,0.34320019355777026,20000,1.0,Zhu et al. LDP-IHT,,0.07,50.0,1.0723252838988133,0.9864429644348646,50
7704,200000,105,13,15384,0.34320019355777026,20000,1.0,Zhu et al. LDP-IHT,,0.15,50.0,3.167322498840251,1.0182992716758776,50
7704,200000,105,13,15384,0.34320019355777026,20000,1.0,Zhu et al. LDP-IHT,,0.3,50.0,9.595204765573126,1.0663976819330503,50
7704,200000,105,13,15384,0.34320019355777026,20000,1.0,Zhu et al. LDP-IHT,,0.6,50.0,32.23264860271674,1.0891912695821155,50
7704,200000,105,13,15384,0.34320019355777026,20000,1.0,"Zhu et al. LDP-IHT, matched radius",,,100.0,2.0,0.9545417026720499,100
7704,200000,105,13,15384,0.34320019355777026,20000,1.0,Zhu et al. LDP-IHT,,0.03,100.0,0.3996310798724243,0.9376386508860189,100
7704,200000,105,13,15384,0.34320019355777026,20000,1.0,Zhu et al. LDP-IHT,,0.07,100.0,1.2193871411491926,0.9822978453808728,100
7704,200000,105,13,15384,0.34320019355777026,20000,1.0,Zhu et al. LDP-IHT,,0.15,100.0,3.842606537234849,1.0468990923307913,100
7704,200000,105,13,15384,0.34320019355777026,20000,1.0,Zhu et al. LDP-IHT,,0.3,100.0,12.296340919151517,1.0611514025294309,100
7704,200000,105,13,15384,0.34320019355777026,20000,1.0,Zhu et al. LDP-IHT,,0.6,100.0,43.03719321703031,1.0995357872310634,100
7704,400000,105,13,30769,0.3430497492844387,20000,,Non-private proximal,,,,,0.8584633660847036,37
7704,400000,105,13,30769,0.3430497492844387,20000,,Constant predictor,,,,,1.0723775690858939,0
7704,400000,105,13,30769,0.3430497492844387,20000,1.0,Full-Record LDP Lasso (ours),0.05,,,2.0,0.9286176805971569,69
7704,400000,105,13,30769,0.3430497492844387,20000,1.0,"Zhu et al. LDP-IHT, matched radius",,,10.0,2.0,0.937062165912556,10
7704,400000,105,13,30769,0.3430497492844387,20000,1.0,Zhu et al. LDP-IHT,,0.03,10.0,0.33657185612162327,1.0169636176850323,10
7704,400000,105,13,30769,0.3430497492844387,20000,1.0,Zhu et al. LDP-IHT,,0.07,10.0,0.8760647007281646,0.9546576256730683,10
7704,400000,105,13,30769,0.3430497492844387,20000,1.0,Zhu et al. LDP-IHT,,0.15,10.0,2.2661259434648238,1.019862814016949,10
7704,400000,105,13,30769,0.3430497492844387,20000,1.0,Zhu et al. LDP-IHT,,0.3,10.0,5.9904185440714155,1.037874475557794,10
7704,400000,105,13,30769,0.3430497492844387,20000,1.0,Zhu et al. LDP-IHT,,0.6,10.0,17.813503716709906,1.0137520253520582,10
7704,400000,105,13,30769,0.3430497492844387,20000,1.0,"Zhu et al. LDP-IHT, matched radius",,,25.0,2.0,0.9343195428005624,25
7704,400000,105,13,30769,0.3430497492844387,20000,1.0,Zhu et al. LDP-IHT,,0.03,25.0,0.3535198014256061,0.9774446985424393,25
7704,400000,105,13,30769,0.3430497492844387,20000,1.0,Zhu et al. LDP-IHT,,0.07,25.0,0.9683368473831823,0.9702744239977948,25
7704,400000,105,13,30769,0.3430497492844387,20000,1.0,Zhu et al. LDP-IHT,,0.15,25.0,2.689824576064394,1.0114347541529296,25
7704,400000,105,13,30769,0.3430497492844387,20000,1.0,Zhu et al. LDP-IHT,,0.3,25.0,7.685213074469698,1.0135907627907792,25
7704,400000,105,13,30769,0.3430497492844387,20000,1.0,Zhu et al. LDP-IHT,,0.6,25.0,24.592681838303033,1.0659454239022785,25
7704,400000,105,13,30769,0.3430497492844387,20000,1.0,"Zhu et al. LDP-IHT, matched radius",,,50.0,2.0,0.9352236595384995,50
7704,400000,105,13,30769,0.3430497492844387,20000,1.0,Zhu et al. LDP-IHT,,0.03,50.0,0.37261971833664037,0.9629564909947357,50
7704,400000,105,13,30769,0.3430497492844387,20000,1.0,Zhu et al. LDP-IHT,,0.07,50.0,1.0723252838988133,0.9724309585636364,50
7704,400000,105,13,30769,0.3430497492844387,20000,1.0,Zhu et al. LDP-IHT,,0.15,50.0,3.167322498840251,1.0103176003450312,50
7704,400000,105,13,30769,0.3430497492844387,20000,1.0,Zhu et al. LDP-IHT,,0.3,50.0,9.595204765573126,1.01425467004332,50
7704,400000,105,13,30769,0.3430497492844387,20000,1.0,Zhu et al. LDP-IHT,,0.6,50.0,32.23264860271674,1.0783750127843932,50
7704,400000,105,13,30769,0.3430497492844387,20000,1.0,"Zhu et al. LDP-IHT, matched radius",,,100.0,2.0,0.915536374774968,100
7704,400000,105,13,30769,0.3430497492844387,20000,1.0,Zhu et al. LDP-IHT,,0.03,100.0,0.3996310798724243,0.9436613927455774,100
7704,400000,105,13,30769,0.3430497492844387,20000,1.0,Zhu et al. LDP-IHT,,0.07,100.0,1.2193871411491926,0.9927335198241308,100
7704,400000,105,13,30769,0.3430497492844387,20000,1.0,Zhu et al. LDP-IHT,,0.15,100.0,3.842606537234849,1.011115217180845,100
7704,400000,105,13,30769,0.3430497492844387,20000,1.0,Zhu et al. LDP-IHT,,0.3,100.0,12.296340919151517,1.0887856802579188,100
7704,400000,105,13,30769,0.3430497492844387,20000,1.0,Zhu et al. LDP-IHT,,0.6,100.0,43.03719321703031,1.1391770381114266,100
7704,800000,105,14,57142,0.3430984973443118,20000,,Non-private proximal,,,,,0.8538238081550412,42
7704,800000,105,14,57142,0.3430984973443118,20000,,Constant predictor,,,,,1.0723764816530008,0
7704,800000,105,14,57142,0.3430984973443118,20000,1.0,Full-Record LDP Lasso (ours),0.05,,,2.0,0.8908065255904275,69
7704,800000,105,14,57142,0.3430984973443118,20000,1.0,"Zhu et al. LDP-IHT, matched radius",,,10.0,2.0,0.9197662014662893,10
7704,800000,105,14,57142,0.3430984973443118,20000,1.0,Zhu et al. LDP-IHT,,0.03,10.0,0.33657185612162327,0.9627892125106596,10
7704,800000,105,14,57142,0.3430984973443118,20000,1.0,Zhu et al. LDP-IHT,,0.07,10.0,0.8760647007281646,0.9764620362344594,10
7704,800000,105,14,57142,0.3430984973443118,20000,1.0,Zhu et al. LDP-IHT,,0.15,10.0,2.2661259434648238,0.959846474247296,10
7704,800000,105,14,57142,0.3430984973443118,20000,1.0,Zhu et al. LDP-IHT,,0.3,10.0,5.9904185440714155,0.980122184127427,10
7704,800000,105,14,57142,0.3430984973443118,20000,1.0,Zhu et al. LDP-IHT,,0.6,10.0,17.813503716709906,1.038030515077856,10
7704,800000,105,14,57142,0.3430984973443118,20000,1.0,"Zhu et al. LDP-IHT, matched radius",,,25.0,2.0,0.9013035255486294,25
7704,800000,105,14,57142,0.3430984973443118,20000,1.0,Zhu et al. LDP-IHT,,0.03,25.0,0.3535198014256061,0.9487791294000217,25
7704,800000,105,14,57142,0.3430984973443118,20000,1.0,Zhu et al. LDP-IHT,,0.07,25.0,0.9683368473831823,0.9379178169106606,25
7704,800000,105,14,57142,0.3430984973443118,20000,1.0,Zhu et al. LDP-IHT,,0.15,25.0,2.689824576064394,0.9572539083990041,25
7704,800000,105,14,57142,0.3430984973443118,20000,1.0,Zhu et al. LDP-IHT,,0.3,25.0,7.685213074469698,1.0033975306223673,25
7704,800000,105,14,57142,0.3430984973443118,20000,1.0,Zhu et al. LDP-IHT,,0.6,25.0,24.592681838303033,1.0841167771750981,25
7704,800000,105,14,57142,0.3430984973443118,20000,1.0,"Zhu et al. LDP-IHT, matched radius",,,50.0,2.0,0.91340653844898,50
7704,800000,105,14,57142,0.3430984973443118,20000,1.0,Zhu et al. LDP-IHT,,0.03,50.0,0.37261971833664037,0.9669288034543889,50
7704,800000,105,14,57142,0.3430984973443118,20000,1.0,Zhu et al. LDP-IHT,,0.07,50.0,1.0723252838988133,0.9250822854423445,50
7704,800000,105,14,57142,0.3430984973443118,20000,1.0,Zhu et al. LDP-IHT,,0.15,50.0,3.167322498840251,0.9934481477065934,50
7704,800000,105,14,57142,0.3430984973443118,20000,1.0,Zhu et al. LDP-IHT,,0.3,50.0,9.595204765573126,1.0063317765058544,50
7704,800000,105,14,57142,0.3430984973443118,20000,1.0,Zhu et al. LDP-IHT,,0.6,50.0,32.23264860271674,1.0886529680398345,50
7704,800000,105,14,57142,0.3430984973443118,20000,1.0,"Zhu et al. LDP-IHT, matched radius",,,100.0,2.0,0.9130379935276317,100
7704,800000,105,14,57142,0.3430984973443118,20000,1.0,Zhu et al. LDP-IHT,,0.03,100.0,0.3996310798724243,0.9566372071414009,100
7704,800000,105,14,57142,0.3430984973443118,20000,1.0,Zhu et al. LDP-IHT,,0.07,100.0,1.2193871411491926,0.9249703385425041,100
7704,800000,105,14,57142,0.3430984973443118,20000,1.0,Zhu et al. LDP-IHT,,0.15,100.0,3.842606537234849,0.9550572884740296,100
7704,800000,105,14,57142,0.3430984973443118,20000,1.0,Zhu et al. LDP-IHT,,0.3,100.0,12.296340919151517,1.0049349158310787,100
7704,800000,105,14,57142,0.3430984973443118,20000,1.0,Zhu et al. LDP-IHT,,0.6,100.0,43.03719321703031,1.0727385850906075,100
7704,1600000,105,15,106666,0.3430625828188193,20000,,Non-private proximal,,,,,0.8512123632427937,52
7704,1600000,105,15,106666,0.3430625828188193,20000,,Constant predictor,,,,,1.0723778664150379,0
7704,1600000,105,15,106666,0.3430625828188193,20000,1.0,Full-Record LDP Lasso (ours),0.05,,,2.0,0.8728410748925033,69
7704,1600000,105,15,106666,0.3430625828188193,20000,1.0,"Zhu et al. LDP-IHT, matched radius",,,10.0,2.0,0.9013241982816622,10
7704,1600000,105,15,106666,0.3430625828188193,20000,1.0,Zhu et al. LDP-IHT,,0.03,10.0,0.33657185612162327,0.9658499439313146,10
7704,1600000,105,15,106666,0.3430625828188193,20000,1.0,Zhu et al. LDP-IHT,,0.07,10.0,0.8760647007281646,0.9445432491848776,10
7704,1600000,105,15,106666,0.3430625828188193,20000,1.0,Zhu et al. LDP-IHT,,0.15,10.0,2.2661259434648238,0.9237903985185263,10
7704,1600000,105,15,106666,0.3430625828188193,20000,1.0,Zhu et al. LDP-IHT,,0.3,10.0,5.9904185440714155,1.0569845375281566,10
7704,1600000,105,15,106666,0.3430625828188193,20000,1.0,Zhu et al. LDP-IHT,,0.6,10.0,17.813503716709906,1.0722109580446997,10
7704,1600000,105,15,106666,0.3430625828188193,20000,1.0,"Zhu et al. LDP-IHT, matched radius",,,25.0,2.0,0.8836107044040412,25
7704,1600000,105,15,106666,0.3430625828188193,20000,1.0,Zhu et al. LDP-IHT,,0.03,25.0,0.3535198014256061,0.9493321752873338,25
7704,1600000,105,15,106666,0.3430625828188193,20000,1.0,Zhu et al. LDP-IHT,,0.07,25.0,0.9683368473831823,0.9474173280145108,25
7704,1600000,105,15,106666,0.3430625828188193,20000,1.0,Zhu et al. LDP-IHT,,0.15,25.0,2.689824576064394,0.9405431241718356,25
7704,1600000,105,15,106666,0.3430625828188193,20000,1.0,Zhu et al. LDP-IHT,,0.3,25.0,7.685213074469698,0.9738749456640381,25
7704,1600000,105,15,106666,0.3430625828188193,20000,1.0,Zhu et al. LDP-IHT,,0.6,25.0,24.592681838303033,1.0243056425903618,25
7704,1600000,105,15,106666,0.3430625828188193,20000,1.0,"Zhu et al. LDP-IHT, matched radius",,,50.0,2.0,0.8783260119710836,50
7704,1600000,105,15,106666,0.3430625828188193,20000,1.0,Zhu et al. LDP-IHT,,0.03,50.0,0.37261971833664037,0.9421213781724541,50
7704,1600000,105,15,106666,0.3430625828188193,20000,1.0,Zhu et al. LDP-IHT,,0.07,50.0,1.0723252838988133,0.9357716097607377,50
7704,1600000,105,15,106666,0.3430625828188193,20000,1.0,Zhu et al. LDP-IHT,,0.15,50.0,3.167322498840251,0.9406604298778463,50
7704,1600000,105,15,106666,0.3430625828188193,20000,1.0,Zhu et al. LDP-IHT,,0.3,50.0,9.595204765573126,0.9899163942801532,50
7704,1600000,105,15,106666,0.3430625828188193,20000,1.0,Zhu et al. LDP-IHT,,0.6,50.0,32.23264860271674,1.0716460281902966,50
7704,1600000,105,15,106666,0.3430625828188193,20000,1.0,"Zhu et al. LDP-IHT, matched radius",,,100.0,2.0,0.8865929705911053,100
7704,1600000,105,15,106666,0.3430625828188193,20000,1.0,Zhu et al. LDP-IHT,,0.03,100.0,0.3996310798724243,0.9317253806467354,100
7704,1600000,105,15,106666,0.3430625828188193,20000,1.0,Zhu et al. LDP-IHT,,0.07,100.0,1.2193871411491926,0.9293270716837557,100
7704,1600000,105,15,106666,0.3430625828188193,20000,1.0,Zhu et al. LDP-IHT,,0.15,100.0,3.842606537234849,0.9497845176941538,100
7704,1600000,105,15,106666,0.3430625828188193,20000,1.0,Zhu et al. LDP-IHT,,0.3,100.0,12.296340919151517,1.01738767077205,100
7704,1600000,105,15,106666,0.3430625828188193,20000,1.0,Zhu et al. LDP-IHT,,0.6,100.0,43.03719321703031,1.1075411197552878,100
7705,200000,105,13,15384,0.34328744990341836,20000,,Non-private proximal,,,,,0.8683277672736424,25
7705,200000,105,13,15384,0.34328744990341836,20000,,Constant predictor,,,,,1.0657304067599374,0
7705,200000,105,13,15384,0.34328744990341836,20000,1.0,Full-Record LDP Lasso (ours),0.05,,,2.0,0.933115733751082,58
7705,200000,105,13,15384,0.34328744990341836,20000,1.0,"Zhu et al. LDP-IHT, matched radius",,,10.0,2.0,0.9646327051982382,10
7705,200000,105,13,15384,0.34328744990341836,20000,1.0,Zhu et al. LDP-IHT,,0.03,10.0,0.33657185612162327,1.0047049695162495,10
7705,200000,105,13,15384,0.34328744990341836,20000,1.0,Zhu et al. LDP-IHT,,0.07,10.0,0.8760647007281646,1.0079934410213796,10
7705,200000,105,13,15384,0.34328744990341836,20000,1.0,Zhu et al. LDP-IHT,,0.15,10.0,2.2661259434648238,0.996380469727467,10
7705,200000,105,13,15384,0.34328744990341836,20000,1.0,Zhu et al. LDP-IHT,,0.3,10.0,5.9904185440714155,1.0722158936569348,10
7705,200000,105,13,15384,0.34328744990341836,20000,1.0,Zhu et al. LDP-IHT,,0.6,10.0,17.813503716709906,1.06305903604419,10
7705,200000,105,13,15384,0.34328744990341836,20000,1.0,"Zhu et al. LDP-IHT, matched radius",,,25.0,2.0,0.9442152757667431,25
7705,200000,105,13,15384,0.34328744990341836,20000,1.0,Zhu et al. LDP-IHT,,0.03,25.0,0.3535198014256061,0.9412813839439619,25
7705,200000,105,13,15384,0.34328744990341836,20000,1.0,Zhu et al. LDP-IHT,,0.07,25.0,0.9683368473831823,0.9864559085721917,25
7705,200000,105,13,15384,0.34328744990341836,20000,1.0,Zhu et al. LDP-IHT,,0.15,25.0,2.689824576064394,1.039840223193715,25
7705,200000,105,13,15384,0.34328744990341836,20000,1.0,Zhu et al. LDP-IHT,,0.3,25.0,7.685213074469698,1.0337616111923036,25
7705,200000,105,13,15384,0.34328744990341836,20000,1.0,Zhu et al. LDP-IHT,,0.6,25.0,24.592681838303033,1.0938377516566282,25
7705,200000,105,13,15384,0.34328744990341836,20000,1.0,"Zhu et al. LDP-IHT, matched radius",,,50.0,2.0,0.9612631187528555,50
7705,200000,105,13,15384,0.34328744990341836,20000,1.0,Zhu et al. LDP-IHT,,0.03,50.0,0.37261971833664037,0.9530080388509055,50
7705,200000,105,13,15384,0.34328744990341836,20000,1.0,Zhu et al. LDP-IHT,,0.07,50.0,1.0723252838988133,0.9900388113494675,50
7705,200000,105,13,15384,0.34328744990341836,20000,1.0,Zhu et al. LDP-IHT,,0.15,50.0,3.167322498840251,1.0366980479735546,50
7705,200000,105,13,15384,0.34328744990341836,20000,1.0,Zhu et al. LDP-IHT,,0.3,50.0,9.595204765573126,1.1181802686459679,50
7705,200000,105,13,15384,0.34328744990341836,20000,1.0,Zhu et al. LDP-IHT,,0.6,50.0,32.23264860271674,1.1548760481936005,50
7705,200000,105,13,15384,0.34328744990341836,20000,1.0,"Zhu et al. LDP-IHT, matched radius",,,100.0,2.0,0.9433329072390547,100
7705,200000,105,13,15384,0.34328744990341836,20000,1.0,Zhu et al. LDP-IHT,,0.03,100.0,0.3996310798724243,0.9863392281086076,100
7705,200000,105,13,15384,0.34328744990341836,20000,1.0,Zhu et al. LDP-IHT,,0.07,100.0,1.2193871411491926,0.9876670364111636,100
7705,200000,105,13,15384,0.34328744990341836,20000,1.0,Zhu et al. LDP-IHT,,0.15,100.0,3.842606537234849,1.0284270035080345,100
7705,200000,105,13,15384,0.34328744990341836,20000,1.0,Zhu et al. LDP-IHT,,0.3,100.0,12.296340919151517,1.0934406179569407,100
7705,200000,105,13,15384,0.34328744990341836,20000,1.0,Zhu et al. LDP-IHT,,0.6,100.0,43.03719321703031,0.9906171496452615,100
7705,400000,105,13,30769,0.3429595914795369,20000,,Non-private proximal,,,,,0.8601964311895796,36
7705,400000,105,13,30769,0.3429595914795369,20000,,Constant predictor,,,,,1.0657754896156137,0
7705,400000,105,13,30769,0.3429595914795369,20000,1.0,Full-Record LDP Lasso (ours),0.05,,,2.0,0.9041279041509813,64
7705,400000,105,13,30769,0.3429595914795369,20000,1.0,"Zhu et al. LDP-IHT, matched radius",,,10.0,2.0,0.9363871998358061,10
7705,400000,105,13,30769,0.3429595914795369,20000,1.0,Zhu et al. LDP-IHT,,0.03,10.0,0.33657185612162327,1.000404356356817,10
7705,400000,105,13,30769,0.3429595914795369,20000,1.0,Zhu et al. LDP-IHT,,0.07,10.0,0.8760647007281646,0.9476927152489694,10
7705,400000,105,13,30769,0.3429595914795369,20000,1.0,Zhu et al. LDP-IHT,,0.15,10.0,2.2661259434648238,1.0081823268143186,10
7705,400000,105,13,30769,0.3429595914795369,20000,1.0,Zhu et al. LDP-IHT,,0.3,10.0,5.9904185440714155,0.998088675948072,10
7705,400000,105,13,30769,0.3429595914795369,20000,1.0,Zhu et al. LDP-IHT,,0.6,10.0,17.813503716709906,1.075599096372264,10
7705,400000,105,13,30769,0.3429595914795369,20000,1.0,"Zhu et al. LDP-IHT, matched radius",,,25.0,2.0,0.9114286664602285,25
7705,400000,105,13,30769,0.3429595914795369,20000,1.0,Zhu et al. LDP-IHT,,0.03,25.0,0.3535198014256061,0.9691731932712927,25
7705,400000,105,13,30769,0.3429595914795369,20000,1.0,Zhu et al. LDP-IHT,,0.07,25.0,0.9683368473831823,0.9592418388269904,25
7705,400000,105,13,30769,0.3429595914795369,20000,1.0,Zhu et al. LDP-IHT,,0.15,25.0,2.689824576064394,1.0001594889129344,25
7705,400000,105,13,30769,0.3429595914795369,20000,1.0,Zhu et al. LDP-IHT,,0.3,25.0,7.685213074469698,1.0952463289197631,25
7705,400000,105,13,30769,0.3429595914795369,20000,1.0,Zhu et al. LDP-IHT,,0.6,25.0,24.592681838303033,1.136629809633442,25
7705,400000,105,13,30769,0.3429595914795369,20000,1.0,"Zhu et al. LDP-IHT, matched radius",,,50.0,2.0,0.9184528343307886,50
7705,400000,105,13,30769,0.3429595914795369,20000,1.0,Zhu et al. LDP-IHT,,0.03,50.0,0.37261971833664037,0.9633815218498076,50
7705,400000,105,13,30769,0.3429595914795369,20000,1.0,Zhu et al. LDP-IHT,,0.07,50.0,1.0723252838988133,0.9443965931919114,50
7705,400000,105,13,30769,0.3429595914795369,20000,1.0,Zhu et al. LDP-IHT,,0.15,50.0,3.167322498840251,0.9865839145006485,50
7705,400000,105,13,30769,0.3429595914795369,20000,1.0,Zhu et al. LDP-IHT,,0.3,50.0,9.595204765573126,0.9977340581727778,50
7705,400000,105,13,30769,0.3429595914795369,20000,1.0,Zhu et al. LDP-IHT,,0.6,50.0,32.23264860271674,1.1072367531934222,50
7705,400000,105,13,30769,0.3429595914795369,20000,1.0,"Zhu et al. LDP-IHT, matched radius",,,100.0,2.0,0.917016039874872,100
7705,400000,105,13,30769,0.3429595914795369,20000,1.0,Zhu et al. LDP-IHT,,0.03,100.0,0.3996310798724243,0.96126770923275,100
7705,400000,105,13,30769,0.3429595914795369,20000,1.0,Zhu et al. LDP-IHT,,0.07,100.0,1.2193871411491926,0.9758593951807204,100
7705,400000,105,13,30769,0.3429595914795369,20000,1.0,Zhu et al. LDP-IHT,,0.15,100.0,3.842606537234849,1.0021479699523885,100
7705,400000,105,13,30769,0.3429595914795369,20000,1.0,Zhu et al. LDP-IHT,,0.3,100.0,12.296340919151517,0.9757215522178099,100
7705,400000,105,13,30769,0.3429595914795369,20000,1.0,Zhu et al. LDP-IHT,,0.6,100.0,43.03719321703031,1.072529608790739,100
7705,800000,105,14,57142,0.3430406697635366,20000,,Non-private proximal,,,,,0.8552724177669923,43
7705,800000,105,14,57142,0.3430406697635366,20000,,Constant predictor,,,,,1.0658035750662638,0
7705,800000,105,14,57142,0.3430406697635366,20000,1.0,Full-Record LDP Lasso (ours),0.05,,,2.0,0.8976585439577276,70
7705,800000,105,14,57142,0.3430406697635366,20000,1.0,"Zhu et al. LDP-IHT, matched radius",,,10.0,2.0,0.9104231413801996,10
7705,800000,105,14,57142,0.3430406697635366,20000,1.0,Zhu et al. LDP-IHT,,0.03,10.0,0.33657185612162327,0.9735967671047107,10
7705,800000,105,14,57142,0.3430406697635366,20000,1.0,Zhu et al. LDP-IHT,,0.07,10.0,0.8760647007281646,0.9212956622583415,10
7705,800000,105,14,57142,0.3430406697635366,20000,1.0,Zhu et al. LDP-IHT,,0.15,10.0,2.2661259434648238,0.9293475891897559,10
7705,800000,105,14,57142,0.3430406697635366,20000,1.0,Zhu et al. LDP-IHT,,0.3,10.0,5.9904185440714155,1.0239276941314837,10
7705,800000,105,14,57142,0.3430406697635366,20000,1.0,Zhu et al. LDP-IHT,,0.6,10.0,17.813503716709906,1.083215458078942,10
7705,800000,105,14,57142,0.3430406697635366,20000,1.0,"Zhu et al. LDP-IHT, matched radius",,,25.0,2.0,0.90135418304794,25
7705,800000,105,14,57142,0.3430406697635366,20000,1.0,Zhu et al. LDP-IHT,,0.03,25.0,0.3535198014256061,0.9585199239884321,25
7705,800000,105,14,57142,0.3430406697635366,20000,1.0,Zhu et al. LDP-IHT,,0.07,25.0,0.9683368473831823,0.9409748010099385,25
7705,800000,105,14,57142,0.3430406697635366,20000,1.0,Zhu et al. LDP-IHT,,0.15,25.0,2.689824576064394,0.9655790068081306,25
7705,800000,105,14,57142,0.3430406697635366,20000,1.0,Zhu et al. LDP-IHT,,0.3,25.0,7.685213074469698,0.9954468708701112,25
7705,800000,105,14,57142,0.3430406697635366,20000,1.0,Zhu et al. LDP-IHT,,0.6,25.0,24.592681838303033,1.0520588956902985,25
7705,800000,105,14,57142,0.3430406697635366,20000,1.0,"Zhu et al. LDP-IHT, matched radius",,,50.0,2.0,0.9119946648158188,50
7705,800000,105,14,57142,0.3430406697635366,20000,1.0,Zhu et al. LDP-IHT,,0.03,50.0,0.37261971833664037,0.9465072917373738,50
7705,800000,105,14,57142,0.3430406697635366,20000,1.0,Zhu et al. LDP-IHT,,0.07,50.0,1.0723252838988133,0.9414687103944186,50
7705,800000,105,14,57142,0.3430406697635366,20000,1.0,Zhu et al. LDP-IHT,,0.15,50.0,3.167322498840251,0.9869421745153818,50
7705,800000,105,14,57142,0.3430406697635366,20000,1.0,Zhu et al. LDP-IHT,,0.3,50.0,9.595204765573126,1.0263799377715925,50
7705,800000,105,14,57142,0.3430406697635366,20000,1.0,Zhu et al. LDP-IHT,,0.6,50.0,32.23264860271674,1.0506592833200703,50
7705,800000,105,14,57142,0.3430406697635366,20000,1.0,"Zhu et al. LDP-IHT, matched radius",,,100.0,2.0,0.9010555656127489,100
7705,800000,105,14,57142,0.3430406697635366,20000,1.0,Zhu et al. LDP-IHT,,0.03,100.0,0.3996310798724243,0.946758854154423,100
7705,800000,105,14,57142,0.3430406697635366,20000,1.0,Zhu et al. LDP-IHT,,0.07,100.0,1.2193871411491926,0.9654076333792877,100
7705,800000,105,14,57142,0.3430406697635366,20000,1.0,Zhu et al. LDP-IHT,,0.15,100.0,3.842606537234849,0.9594316456089546,100
7705,800000,105,14,57142,0.3430406697635366,20000,1.0,Zhu et al. LDP-IHT,,0.3,100.0,12.296340919151517,1.0693058826505788,100
7705,800000,105,14,57142,0.3430406697635366,20000,1.0,Zhu et al. LDP-IHT,,0.6,100.0,43.03719321703031,1.0211340096725852,100
7705,1600000,105,15,106666,0.34304015861088266,20000,,Non-private proximal,,,,,0.8523598346060297,52
7705,1600000,105,15,106666,0.34304015861088266,20000,,Constant predictor,,,,,1.065821903741582,0
7705,1600000,105,15,106666,0.34304015861088266,20000,1.0,Full-Record LDP Lasso (ours),0.05,,,2.0,0.8854632763409367,62
7705,1600000,105,15,106666,0.34304015861088266,20000,1.0,"Zhu et al. LDP-IHT, matched radius",,,10.0,2.0,0.8940999045093116,10
7705,1600000,105,15,106666,0.34304015861088266,20000,1.0,Zhu et al. LDP-IHT,,0.03,10.0,0.33657185612162327,0.9714453257290864,10
7705,1600000,105,15,106666,0.34304015861088266,20000,1.0,Zhu et al. LDP-IHT,,0.07,10.0,0.8760647007281646,0.9700235101204189,10
7705,1600000,105,15,106666,0.34304015861088266,20000,1.0,Zhu et al. LDP-IHT,,0.15,10.0,2.2661259434648238,0.9348327691979587,10
7705,1600000,105,15,106666,0.34304015861088266,20000,1.0,Zhu et al. LDP-IHT,,0.3,10.0,5.9904185440714155,0.9807626639231912,10
7705,1600000,105,15,106666,0.34304015861088266,20000,1.0,Zhu et al. LDP-IHT,,0.6,10.0,17.813503716709906,1.0220821132150273,10
7705,1600000,105,15,106666,0.34304015861088266,20000,1.0,"Zhu et al. LDP-IHT, matched radius",,,25.0,2.0,0.8758125755849616,25
7705,1600000,105,15,106666,0.34304015861088266,20000,1.0,Zhu et al. LDP-IHT,,0.03,25.0,0.3535198014256061,0.9566984689278907,25
7705,1600000,105,15,106666,0.34304015861088266,20000,1.0,Zhu et al. LDP-IHT,,0.07,25.0,0.9683368473831823,0.9306557627437128,25
7705,1600000,105,15,106666,0.34304015861088266,20000,1.0,Zhu et al. LDP-IHT,,0.15,25.0,2.689824576064394,0.938960125280598,25
7705,1600000,105,15,106666,0.34304015861088266,20000,1.0,Zhu et al. LDP-IHT,,0.3,25.0,7.685213074469698,0.9587919763647398,25
7705,1600000,105,15,106666,0.34304015861088266,20000,1.0,Zhu et al. LDP-IHT,,0.6,25.0,24.592681838303033,1.053460139580053,25
7705,1600000,105,15,106666,0.34304015861088266,20000,1.0,"Zhu et al. LDP-IHT, matched radius",,,50.0,2.0,0.8883042664487769,50
7705,1600000,105,15,106666,0.34304015861088266,20000,1.0,Zhu et al. LDP-IHT,,0.03,50.0,0.37261971833664037,0.943967798091652,50
7705,1600000,105,15,106666,0.34304015861088266,20000,1.0,Zhu et al. LDP-IHT,,0.07,50.0,1.0723252838988133,0.9380262551869903,50
7705,1600000,105,15,106666,0.34304015861088266,20000,1.0,Zhu et al. LDP-IHT,,0.15,50.0,3.167322498840251,0.9372658009701095,50
7705,1600000,105,15,106666,0.34304015861088266,20000,1.0,Zhu et al. LDP-IHT,,0.3,50.0,9.595204765573126,1.0932782156107281,50
7705,1600000,105,15,106666,0.34304015861088266,20000,1.0,Zhu et al. LDP-IHT,,0.6,50.0,32.23264860271674,1.0955845314347477,50
7705,1600000,105,15,106666,0.34304015861088266,20000,1.0,"Zhu et al. LDP-IHT, matched radius",,,100.0,2.0,0.881723615300681,100
7705,1600000,105,15,106666,0.34304015861088266,20000,1.0,Zhu et al. LDP-IHT,,0.03,100.0,0.3996310798724243,0.936717753226041,100
7705,1600000,105,15,106666,0.34304015861088266,20000,1.0,Zhu et al. LDP-IHT,,0.07,100.0,1.2193871411491926,0.936090086135283,100
7705,1600000,105,15,106666,0.34304015861088266,20000,1.0,Zhu et al. LDP-IHT,,0.15,100.0,3.842606537234849,0.934144093510338,100
7705,1600000,105,15,106666,0.34304015861088266,20000,1.0,Zhu et al. LDP-IHT,,0.3,100.0,12.296340919151517,1.0467054889882055,100
7705,1600000,105,15,106666,0.34304015861088266,20000,1.0,Zhu et al. LDP-IHT,,0.6,100.0,43.03719321703031,1.020417610314108,100
7706,200000,105,13,15384,0.34250222811686937,20000,,Non-private proximal,,,,,0.8711600809714881,24
7706,200000,105,13,15384,0.34250222811686937,20000,,Constant predictor,,,,,1.0845758419279405,0
7706,200000,105,13,15384,0.34250222811686937,20000,1.0,Full-Record LDP Lasso (ours),0.05,,,2.0,0.9653564938972289,66
7706,200000,105,13,15384,0.34250222811686937,20000,1.0,"Zhu et al. LDP-IHT, matched radius",,,10.0,2.0,0.9604814524877306,10
7706,200000,105,13,15384,0.34250222811686937,20000,1.0,Zhu et al. LDP-IHT,,0.03,10.0,0.33657185612162327,0.9692729335837733,10
7706,200000,105,13,15384,0.34250222811686937,20000,1.0,Zhu et al. LDP-IHT,,0.07,10.0,0.8760647007281646,1.0276347643859922,10
7706,200000,105,13,15384,0.34250222811686937,20000,1.0,Zhu et al. LDP-IHT,,0.15,10.0,2.2661259434648238,1.029839111724203,10
7706,200000,105,13,15384,0.34250222811686937,20000,1.0,Zhu et al. LDP-IHT,,0.3,10.0,5.9904185440714155,1.013633365127643,10
7706,200000,105,13,15384,0.34250222811686937,20000,1.0,Zhu et al. LDP-IHT,,0.6,10.0,17.813503716709906,1.053096895577683,10
7706,200000,105,13,15384,0.34250222811686937,20000,1.0,"Zhu et al. LDP-IHT, matched radius",,,25.0,2.0,0.9717205654717644,25
7706,200000,105,13,15384,0.34250222811686937,20000,1.0,Zhu et al. LDP-IHT,,0.03,25.0,0.3535198014256061,0.9695421859007766,25
7706,200000,105,13,15384,0.34250222811686937,20000,1.0,Zhu et al. LDP-IHT,,0.07,25.0,0.9683368473831823,0.9818187318819906,25
7706,200000,105,13,15384,0.34250222811686937,20000,1.0,Zhu et al. LDP-IHT,,0.15,25.0,2.689824576064394,1.0373095953322728,25
7706,200000,105,13,15384,0.34250222811686937,20000,1.0,Zhu et al. LDP-IHT,,0.3,25.0,7.685213074469698,1.0331736732066528,25
7706,200000,105,13,15384,0.34250222811686937,20000,1.0,Zhu et al. LDP-IHT,,0.6,25.0,24.592681838303033,1.1023400944461024,25
7706,200000,105,13,15384,0.34250222811686937,20000,1.0,"Zhu et al. LDP-IHT, matched radius",,,50.0,2.0,0.9615780016338741,50
7706,200000,105,13,15384,0.34250222811686937,20000,1.0,Zhu et al. LDP-IHT,,0.03,50.0,0.37261971833664037,1.011087250079208,50
7706,200000,105,13,15384,0.34250222811686937,20000,1.0,Zhu et al. LDP-IHT,,0.07,50.0,1.0723252838988133,0.9765948226846863,50
7706,200000,105,13,15384,0.34250222811686937,20000,1.0,Zhu et al. LDP-IHT,,0.15,50.0,3.167322498840251,1.0701828482818574,50
7706,200000,105,13,15384,0.34250222811686937,20000,1.0,Zhu et al. LDP-IHT,,0.3,50.0,9.595204765573126,1.0451117637652847,50
7706,200000,105,13,15384,0.34250222811686937,20000,1.0,Zhu et al. LDP-IHT,,0.6,50.0,32.23264860271674,1.0840943675894599,50
7706,200000,105,13,15384,0.34250222811686937,20000,1.0,"Zhu et al. LDP-IHT, matched radius",,,100.0,2.0,0.9610441395347873,100
7706,200000,105,13,15384,0.34250222811686937,20000,1.0,Zhu et al. LDP-IHT,,0.03,100.0,0.3996310798724243,0.9674396483363397,100
7706,200000,105,13,15384,0.34250222811686937,20000,1.0,Zhu et al. LDP-IHT,,0.07,100.0,1.2193871411491926,0.9901775924814056,100
7706,200000,105,13,15384,0.34250222811686937,20000,1.0,Zhu et al. LDP-IHT,,0.15,100.0,3.842606537234849,1.011374455411237,100
7706,200000,105,13,15384,0.34250222811686937,20000,1.0,Zhu et al. LDP-IHT,,0.3,100.0,12.296340919151517,1.0709615928382874,100
7706,200000,105,13,15384,0.34250222811686937,20000,1.0,Zhu et al. LDP-IHT,,0.6,100.0,43.03719321703031,1.0620354604978197,100
7706,400000,105,13,30769,0.3429292435329403,20000,,Non-private proximal,,,,,0.8633637646178421,35
7706,400000,105,13,30769,0.3429292435329403,20000,,Constant predictor,,,,,1.0845274965459761,0
7706,400000,105,13,30769,0.3429292435329403,20000,1.0,Full-Record LDP Lasso (ours),0.05,,,2.0,0.9331150251208657,68
7706,400000,105,13,30769,0.3429292435329403,20000,1.0,"Zhu et al. LDP-IHT, matched radius",,,10.0,2.0,0.9534215083764529,10
7706,400000,105,13,30769,0.3429292435329403,20000,1.0,Zhu et al. LDP-IHT,,0.03,10.0,0.33657185612162327,0.9874585651751421,10
7706,400000,105,13,30769,0.3429292435329403,20000,1.0,Zhu et al. LDP-IHT,,0.07,10.0,0.8760647007281646,0.9853755106312745,10
7706,400000,105,13,30769,0.3429292435329403,20000,1.0,Zhu et al. LDP-IHT,,0.15,10.0,2.2661259434648238,1.0038247418903747,10
7706,400000,105,13,30769,0.3429292435329403,20000,1.0,Zhu et al. LDP-IHT,,0.3,10.0,5.9904185440714155,1.0545056966522928,10
7706,400000,105,13,30769,0.3429292435329403,20000,1.0,Zhu et al. LDP-IHT,,0.6,10.0,17.813503716709906,1.0874490515530209,10
7706,400000,105,13,30769,0.3429292435329403,20000,1.0,"Zhu et al. LDP-IHT, matched radius",,,25.0,2.0,0.91764335664006,25
7706,400000,105,13,30769,0.3429292435329403,20000,1.0,Zhu et al. LDP-IHT,,0.03,25.0,0.3535198014256061,0.9565815553932006,25
7706,400000,105,13,30769,0.3429292435329403,20000,1.0,Zhu et al. LDP-IHT,,0.07,25.0,0.9683368473831823,0.9537720295262009,25
7706,400000,105,13,30769,0.3429292435329403,20000,1.0,Zhu et al. LDP-IHT,,0.15,25.0,2.689824576064394,0.9991993712067058,25
7706,400000,105,13,30769,0.3429292435329403,20000,1.0,Zhu et al. LDP-IHT,,0.3,25.0,7.685213074469698,0.9853000652075128,25
7706,400000,105,13,30769,0.3429292435329403,20000,1.0,Zhu et al. LDP-IHT,,0.6,25.0,24.592681838303033,1.0718893281561235,25
7706,400000,105,13,30769,0.3429292435329403,20000,1.0,"Zhu et al. LDP-IHT, matched radius",,,50.0,2.0,0.9441438739775362,50
7706,400000,105,13,30769,0.3429292435329403,20000,1.0,Zhu et al. LDP-IHT,,0.03,50.0,0.37261971833664037,0.9756136791269546,50
7706,400000,105,13,30769,0.3429292435329403,20000,1.0,Zhu et al. LDP-IHT,,0.07,50.0,1.0723252838988133,0.9454737599930493,50
7706,400000,105,13,30769,0.3429292435329403,20000,1.0,Zhu et al. LDP-IHT,,0.15,50.0,3.167322498840251,1.1057880667882745,50
7706,400000,105,13,30769,0.3429292435329403,20000,1.0,Zhu et al. LDP-IHT,,0.3,50.0,9.595204765573126,1.056531389700375,50
7706,400000,105,13,30769,0.3429292435329403,20000,1.0,Zhu et al. LDP-IHT,,0.6,50.0,32.23264860271674,1.1284116295928834,50
7706,400000,105,13,30769,0.3429292435329403,20000,1.0,"Zhu et al. LDP-IHT, matched radius",,,100.0,2.0,0.9588705963029317,100
7706,400000,105,13,30769,0.3429292435329403,20000,1.0,Zhu et al. LDP-IHT,,0.03,100.0,0.3996310798724243,0.9529690188908544,100
7706,400000,105,13,30769,0.3429292435329403,20000,1.0,Zhu et al. LDP-IHT,,0.07,100.0,1.2193871411491926,0.9724971307690035,100
7706,400000,105,13,30769,0.3429292435329403,20000,1.0,Zhu et al. LDP-IHT,,0.15,100.0,3.842606537234849,1.0615937170359424,100
7706,400000,105,13,30769,0.3429292435329403,20000,1.0,Zhu et al. LDP-IHT,,0.3,100.0,12.296340919151517,1.0818351247161178,100
7706,400000,105,13,30769,0.3429292435329403,20000,1.0,Zhu et al. LDP-IHT,,0.6,100.0,43.03719321703031,1.1046664494389804,100
7706,800000,105,14,57142,0.3429425463551736,20000,,Non-private proximal,,,,,0.8584941708840582,42
7706,800000,105,14,57142,0.3429425463551736,20000,,Constant predictor,,,,,1.0845154407413804,0
7706,800000,105,14,57142,0.3429425463551736,20000,1.0,Full-Record LDP Lasso (ours),0.05,,,2.0,0.8996000363688866,71
7706,800000,105,14,57142,0.3429425463551736,20000,1.0,"Zhu et al. LDP-IHT, matched radius",,,10.0,2.0,0.92245221809063,10
7706,800000,105,14,57142,0.3429425463551736,20000,1.0,Zhu et al. LDP-IHT,,0.03,10.0,0.33657185612162327,0.9798530316616254,10
7706,800000,105,14,57142,0.3429425463551736,20000,1.0,Zhu et al. LDP-IHT,,0.07,10.0,0.8760647007281646,0.9508172886732195,10
7706,800000,105,14,57142,0.3429425463551736,20000,1.0,Zhu et al. LDP-IHT,,0.15,10.0,2.2661259434648238,0.9432268705905209,10
7706,800000,105,14,57142,0.3429425463551736,20000,1.0,Zhu et al. LDP-IHT,,0.3,10.0,5.9904185440714155,1.0213938593051153,10
7706,800000,105,14,57142,0.3429425463551736,20000,1.0,Zhu et al. LDP-IHT,,0.6,10.0,17.813503716709906,1.0158260483047679,10
7706,800000,105,14,57142,0.3429425463551736,20000,1.0,"Zhu et al. LDP-IHT, matched radius",,,25.0,2.0,0.9069954565890167,25
7706,800000,105,14,57142,0.3429425463551736,20000,1.0,Zhu et al. LDP-IHT,,0.03,25.0,0.3535198014256061,0.9760487732443099,25
7706,800000,105,14,57142,0.3429425463551736,20000,1.0,Zhu et al. LDP-IHT,,0.07,25.0,0.9683368473831823,0.9487213431492181,25
7706,800000,105,14,57142,0.3429425463551736,20000,1.0,Zhu et al. LDP-IHT,,0.15,25.0,2.689824576064394,0.9499196382319925,25
7706,800000,105,14,57142,0.3429425463551736,20000,1.0,Zhu et al. LDP-IHT,,0.3,25.0,7.685213074469698,1.041181085984613,25
7706,800000,105,14,57142,0.3429425463551736,20000,1.0,Zhu et al. LDP-IHT,,0.6,25.0,24.592681838303033,1.0598508452414743,25
7706,800000,105,14,57142,0.3429425463551736,20000,1.0,"Zhu et al. LDP-IHT, matched radius",,,50.0,2.0,0.9108309631948094,50
7706,800000,105,14,57142,0.3429425463551736,20000,1.0,Zhu et al. LDP-IHT,,0.03,50.0,0.37261971833664037,0.956873832168932,50
7706,800000,105,14,57142,0.3429425463551736,20000,1.0,Zhu et al. LDP-IHT,,0.07,50.0,1.0723252838988133,0.9100023668465402,50
7706,800000,105,14,57142,0.3429425463551736,20000,1.0,Zhu et al. LDP-IHT,,0.15,50.0,3.167322498840251,0.9722992127193907,50
7706,800000,105,14,57142,0.3429425463551736,20000,1.0,Zhu et al. LDP-IHT,,0.3,50.0,9.595204765573126,1.033952730020754,50
7706,800000,105,14,57142,0.3429425463551736,20000,1.0,Zhu et al. LDP-IHT,,0.6,50.0,32.23264860271674,1.0612021461653958,50
7706,800000,105,14,57142,0.3429425463551736,20000,1.0,"Zhu et al. LDP-IHT, matched radius",,,100.0,2.0,0.9055610304034586,100
7706,800000,105,14,57142,0.3429425463551736,20000,1.0,Zhu et al. LDP-IHT,,0.03,100.0,0.3996310798724243,0.952589168135979,100
7706,800000,105,14,57142,0.3429425463551736,20000,1.0,Zhu et al. LDP-IHT,,0.07,100.0,1.2193871411491926,0.945506784878017,100
7706,800000,105,14,57142,0.3429425463551736,20000,1.0,Zhu et al. LDP-IHT,,0.15,100.0,3.842606537234849,0.9806949531959456,100
7706,800000,105,14,57142,0.3429425463551736,20000,1.0,Zhu et al. LDP-IHT,,0.3,100.0,12.296340919151517,1.065006350080479,100
7706,800000,105,14,57142,0.3429425463551736,20000,1.0,Zhu et al. LDP-IHT,,0.6,100.0,43.03719321703031,1.0617347763973386,100
7706,1600000,105,15,106666,0.34300996093772035,20000,,Non-private proximal,,,,,0.8558142395735018,52
7706,1600000,105,15,106666,0.34300996093772035,20000,,Constant predictor,,,,,1.0845015743595448,0
7706,1600000,105,15,106666,0.34300996093772035,20000,1.0,Full-Record LDP Lasso (ours),0.05,,,2.0,0.8911085943059828,69
7706,1600000,105,15,106666,0.34300996093772035,20000,1.0,"Zhu et al. LDP-IHT, matched radius",,,10.0,2.0,0.9091347394505742,10
7706,1600000,105,15,106666,0.34300996093772035,20000,1.0,Zhu et al. LDP-IHT,,0.03,10.0,0.33657185612162327,0.9744741379585704,10
7706,1600000,105,15,106666,0.34300996093772035,20000,1.0,Zhu et al. LDP-IHT,,0.07,10.0,0.8760647007281646,0.9259753994686786,10
7706,1600000,105,15,106666,0.34300996093772035,20000,1.0,Zhu et al. LDP-IHT,,0.15,10.0,2.2661259434648238,0.9378100865881023,10
7706,1600000,105,15,106666,0.34300996093772035,20000,1.0,Zhu et al. LDP-IHT,,0.3,10.0,5.9904185440714155,1.0355467216387695,10
7706,1600000,105,15,106666,0.34300996093772035,20000,1.0,Zhu et al. LDP-IHT,,0.6,10.0,17.813503716709906,1.0926296314811195,10
7706,1600000,105,15,106666,0.34300996093772035,20000,1.0,"Zhu et al. LDP-IHT, matched radius",,,25.0,2.0,0.8891753507123559,25
7706,1600000,105,15,106666,0.34300996093772035,20000,1.0,Zhu et al. LDP-IHT,,0.03,25.0,0.3535198014256061,0.958987006198703,25
7706,1600000,105,15,106666,0.34300996093772035,20000,1.0,Zhu et al. LDP-IHT,,0.07,25.0,0.9683368473831823,0.941795418152451,25
7706,1600000,105,15,106666,0.34300996093772035,20000,1.0,Zhu et al. LDP-IHT,,0.15,25.0,2.689824576064394,0.928053442756154,25
7706,1600000,105,15,106666,0.34300996093772035,20000,1.0,Zhu et al. LDP-IHT,,0.3,25.0,7.685213074469698,1.0331522938144808,25
7706,1600000,105,15,106666,0.34300996093772035,20000,1.0,Zhu et al. LDP-IHT,,0.6,25.0,24.592681838303033,1.0393383154017373,25
7706,1600000,105,15,106666,0.34300996093772035,20000,1.0,"Zhu et al. LDP-IHT, matched radius",,,50.0,2.0,0.8899852218189228,50
7706,1600000,105,15,106666,0.34300996093772035,20000,1.0,Zhu et al. LDP-IHT,,0.03,50.0,0.37261971833664037,0.9306134310935456,50
7706,1600000,105,15,106666,0.34300996093772035,20000,1.0,Zhu et al. LDP-IHT,,0.07,50.0,1.0723252838988133,0.923918045970066,50
7706,1600000,105,15,106666,0.34300996093772035,20000,1.0,Zhu et al. LDP-IHT,,0.15,50.0,3.167322498840251,0.9420259676075546,50
7706,1600000,105,15,106666,0.34300996093772035,20000,1.0,Zhu et al. LDP-IHT,,0.3,50.0,9.595204765573126,0.9570975455954742,50
7706,1600000,105,15,106666,0.34300996093772035,20000,1.0,Zhu et al. LDP-IHT,,0.6,50.0,32.23264860271674,1.0407309551878223,50
7706,1600000,105,15,106666,0.34300996093772035,20000,1.0,"Zhu et al. LDP-IHT, matched radius",,,100.0,2.0,0.8797056812648547,100
7706,1600000,105,15,106666,0.34300996093772035,20000,1.0,Zhu et al. LDP-IHT,,0.03,100.0,0.3996310798724243,0.9440583417284084,100
7706,1600000,105,15,106666,0.34300996093772035,20000,1.0,Zhu et al. LDP-IHT,,0.07,100.0,1.2193871411491926,0.9177452234291672,100
7706,1600000,105,15,106666,0.34300996093772035,20000,1.0,Zhu et al. LDP-IHT,,0.15,100.0,3.842606537234849,1.0455185906134252,100
7706,1600000,105,15,106666,0.34300996093772035,20000,1.0,Zhu et al. LDP-IHT,,0.3,100.0,12.296340919151517,1.0824022686241122,100
7706,1600000,105,15,106666,0.34300996093772035,20000,1.0,Zhu et al. LDP-IHT,,0.6,100.0,43.03719321703031,1.1319128676272663,100
7707,200000,105,13,15384,0.34295922716626526,20000,,Non-private proximal,,,,,0.8713065488732261,25
7707,200000,105,13,15384,0.34295922716626526,20000,,Constant predictor,,,,,1.072560368846921,0
7707,200000,105,13,15384,0.34295922716626526,20000,1.0,Full-Record LDP Lasso (ours),0.05,,,2.0,0.9622459722155867,63
7707,200000,105,13,15384,0.34295922716626526,20000,1.0,"Zhu et al. LDP-IHT, matched radius",,,10.0,2.0,1.0028547204580553,10
7707,200000,105,13,15384,0.34295922716626526,20000,1.0,Zhu et al. LDP-IHT,,0.03,10.0,0.33657185612162327,1.0239665854760664,10
7707,200000,105,13,15384,0.34295922716626526,20000,1.0,Zhu et al. LDP-IHT,,0.07,10.0,0.8760647007281646,0.9772799731174543,10
7707,200000,105,13,15384,0.34295922716626526,20000,1.0,Zhu et al. LDP-IHT,,0.15,10.0,2.2661259434648238,1.0055269787396897,10
7707,200000,105,13,15384,0.34295922716626526,20000,1.0,Zhu et al. LDP-IHT,,0.3,10.0,5.9904185440714155,1.0631253472603475,10
7707,200000,105,13,15384,0.34295922716626526,20000,1.0,Zhu et al. LDP-IHT,,0.6,10.0,17.813503716709906,1.0695727085917535,10
7707,200000,105,13,15384,0.34295922716626526,20000,1.0,"Zhu et al. LDP-IHT, matched radius",,,25.0,2.0,0.9320565910312546,25
7707,200000,105,13,15384,0.34295922716626526,20000,1.0,Zhu et al. LDP-IHT,,0.03,25.0,0.3535198014256061,1.0150156914326256,25
7707,200000,105,13,15384,0.34295922716626526,20000,1.0,Zhu et al. LDP-IHT,,0.07,25.0,0.9683368473831823,0.9725237275427855,25
7707,200000,105,13,15384,0.34295922716626526,20000,1.0,Zhu et al. LDP-IHT,,0.15,25.0,2.689824576064394,1.0266085913566223,25
7707,200000,105,13,15384,0.34295922716626526,20000,1.0,Zhu et al. LDP-IHT,,0.3,25.0,7.685213074469698,1.0440591238217225,25
7707,200000,105,13,15384,0.34295922716626526,20000,1.0,Zhu et al. LDP-IHT,,0.6,25.0,24.592681838303033,1.1337564339931363,25
7707,200000,105,13,15384,0.34295922716626526,20000,1.0,"Zhu et al. LDP-IHT, matched radius",,,50.0,2.0,0.9904778541433257,50
7707,200000,105,13,15384,0.34295922716626526,20000,1.0,Zhu et al. LDP-IHT,,0.03,50.0,0.37261971833664037,0.9507090182668466,50
7707,200000,105,13,15384,0.34295922716626526,20000,1.0,Zhu et al. LDP-IHT,,0.07,50.0,1.0723252838988133,0.9742624417035045,50
7707,200000,105,13,15384,0.34295922716626526,20000,1.0,Zhu et al. LDP-IHT,,0.15,50.0,3.167322498840251,1.0081859656913013,50
7707,200000,105,13,15384,0.34295922716626526,20000,1.0,Zhu et al. LDP-IHT,,0.3,50.0,9.595204765573126,1.05430504372622,50
7707,200000,105,13,15384,0.34295922716626526,20000,1.0,Zhu et al. LDP-IHT,,0.6,50.0,32.23264860271674,1.125217489637762,50
7707,200000,105,13,15384,0.34295922716626526,20000,1.0,"Zhu et al. LDP-IHT, matched radius",,,100.0,2.0,0.9633803459017704,100
7707,200000,105,13,15384,0.34295922716626526,20000,1.0,Zhu et al. LDP-IHT,,0.03,100.0,0.3996310798724243,0.9967285628844953,100
7707,200000,105,13,15384,0.34295922716626526,20000,1.0,Zhu et al. LDP-IHT,,0.07,100.0,1.2193871411491926,0.9564607788846147,100
7707,200000,105,13,15384,0.34295922716626526,20000,1.0,Zhu et al. LDP-IHT,,0.15,100.0,3.842606537234849,1.005118960257142,100
7707,200000,105,13,15384,0.34295922716626526,20000,1.0,Zhu et al. LDP-IHT,,0.3,100.0,12.296340919151517,1.01786361073784,100
7707,200000,105,13,15384,0.34295922716626526,20000,1.0,Zhu et al. LDP-IHT,,0.6,100.0,43.03719321703031,1.039135053411703,100
7707,400000,105,13,30769,0.3429696743909546,20000,,Non-private proximal,,,,,0.8628535058207817,36
7707,400000,105,13,30769,0.3429696743909546,20000,,Constant predictor,,,,,1.0725603530866363,0
7707,400000,105,13,30769,0.3429696743909546,20000,1.0,Full-Record LDP Lasso (ours),0.05,,,2.0,0.9335956163756995,67
7707,400000,105,13,30769,0.3429696743909546,20000,1.0,"Zhu et al. LDP-IHT, matched radius",,,10.0,2.0,0.9784622537044736,10
7707,400000,105,13,30769,0.3429696743909546,20000,1.0,Zhu et al. LDP-IHT,,0.03,10.0,0.33657185612162327,1.0189469404065106,10
7707,400000,105,13,30769,0.3429696743909546,20000,1.0,Zhu et al. LDP-IHT,,0.07,10.0,0.8760647007281646,0.9852750802256874,10
7707,400000,105,13,30769,0.3429696743909546,20000,1.0,Zhu et al. LDP-IHT,,0.15,10.0,2.2661259434648238,1.038633303238013,10
7707,400000,105,13,30769,0.3429696743909546,20000,1.0,Zhu et al. LDP-IHT,,0.3,10.0,5.9904185440714155,1.069795122803772,10
7707,400000,105,13,30769,0.3429696743909546,20000,1.0,Zhu et al. LDP-IHT,,0.6,10.0,17.813503716709906,1.018081752147264,10
7707,400000,105,13,30769,0.3429696743909546,20000,1.0,"Zhu et al. LDP-IHT, matched radius",,,25.0,2.0,0.932480928592415,25
7707,400000,105,13,30769,0.3429696743909546,20000,1.0,Zhu et al. LDP-IHT,,0.03,25.0,0.3535198014256061,0.9876481594800693,25
7707,400000,105,13,30769,0.3429696743909546,20000,1.0,Zhu et al. LDP-IHT,,0.07,25.0,0.9683368473831823,0.9588125972655013,25
7707,400000,105,13,30769,0.3429696743909546,20000,1.0,Zhu et al. LDP-IHT,,0.15,25.0,2.689824576064394,1.0113724359476004,25
7707,400000,105,13,30769,0.3429696743909546,20000,1.0,Zhu et al. LDP-IHT,,0.3,25.0,7.685213074469698,1.0792530016235033,25
7707,400000,105,13,30769,0.3429696743909546,20000,1.0,Zhu et al. LDP-IHT,,0.6,25.0,24.592681838303033,1.0220386431418025,25
7707,400000,105,13,30769,0.3429696743909546,20000,1.0,"Zhu et al. LDP-IHT, matched radius",,,50.0,2.0,0.9400520105839721,50
7707,400000,105,13,30769,0.3429696743909546,20000,1.0,Zhu et al. LDP-IHT,,0.03,50.0,0.37261971833664037,0.9703578707972617,50
7707,400000,105,13,30769,0.3429696743909546,20000,1.0,Zhu et al. LDP-IHT,,0.07,50.0,1.0723252838988133,0.949493195918563,50
7707,400000,105,13,30769,0.3429696743909546,20000,1.0,Zhu et al. LDP-IHT,,0.15,50.0,3.167322498840251,0.989180921453115,50
7707,400000,105,13,30769,0.3429696743909546,20000,1.0,Zhu et al. LDP-IHT,,0.3,50.0,9.595204765573126,1.038367376226162,50
7707,400000,105,13,30769,0.3429696743909546,20000,1.0,Zhu et al. LDP-IHT,,0.6,50.0,32.23264860271674,1.0475622222892242,50
7707,400000,105,13,30769,0.3429696743909546,20000,1.0,"Zhu et al. LDP-IHT, matched radius",,,100.0,2.0,0.9457625675527949,100
7707,400000,105,13,30769,0.3429696743909546,20000,1.0,Zhu et al. LDP-IHT,,0.03,100.0,0.3996310798724243,0.9438661827048611,100
7707,400000,105,13,30769,0.3429696743909546,20000,1.0,Zhu et al. LDP-IHT,,0.07,100.0,1.2193871411491926,0.9844945946955425,100
7707,400000,105,13,30769,0.3429696743909546,20000,1.0,Zhu et al. LDP-IHT,,0.15,100.0,3.842606537234849,0.9999980380224434,100
7707,400000,105,13,30769,0.3429696743909546,20000,1.0,Zhu et al. LDP-IHT,,0.3,100.0,12.296340919151517,1.0476833262443301,100
7707,400000,105,13,30769,0.3429696743909546,20000,1.0,Zhu et al. LDP-IHT,,0.6,100.0,43.03719321703031,1.1274121203927208,100
7707,800000,105,14,57142,0.3429292146378118,20000,,Non-private proximal,,,,,0.8579113611707581,42
7707,800000,105,14,57142,0.3429292146378118,20000,,Constant predictor,,,,,1.072560414747314,0
7707,800000,105,14,57142,0.3429292146378118,20000,1.0,Full-Record LDP Lasso (ours),0.05,,,2.0,0.8994283280583856,68
7707,800000,105,14,57142,0.3429292146378118,20000,1.0,"Zhu et al. LDP-IHT, matched radius",,,10.0,2.0,0.9081666897806391,10
7707,800000,105,14,57142,0.3429292146378118,20000,1.0,Zhu et al. LDP-IHT,,0.03,10.0,0.33657185612162327,0.9758658309667574,10
7707,800000,105,14,57142,0.3429292146378118,20000,1.0,Zhu et al. LDP-IHT,,0.07,10.0,0.8760647007281646,0.9524614119921618,10
7707,800000,105,14,57142,0.3429292146378118,20000,1.0,Zhu et al. LDP-IHT,,0.15,10.0,2.2661259434648238,0.9747046137130277,10
7707,800000,105,14,57142,0.3429292146378118,20000,1.0,Zhu et al. LDP-IHT,,0.3,10.0,5.9904185440714155,1.0191241696662579,10
7707,800000,105,14,57142,0.3429292146378118,20000,1.0,Zhu et al. LDP-IHT,,0.6,10.0,17.813503716709906,1.085212814129053,10
7707,800000,105,14,57142,0.3429292146378118,20000,1.0,"Zhu et al. LDP-IHT, matched radius",,,25.0,2.0,0.910685519799342,25
7707,800000,105,14,57142,0.3429292146378118,20000,1.0,Zhu et al. LDP-IHT,,0.03,25.0,0.3535198014256061,0.9445763945024079,25
7707,800000,105,14,57142,0.3429292146378118,20000,1.0,Zhu et al. LDP-IHT,,0.07,25.0,0.9683368473831823,0.9233856053360187,25
7707,800000,105,14,57142,0.3429292146378118,20000,1.0,Zhu et al. LDP-IHT,,0.15,25.0,2.689824576064394,0.9814250277198884,25
7707,800000,105,14,57142,0.3429292146378118,20000,1.0,Zhu et al. LDP-IHT,,0.3,25.0,7.685213074469698,0.9664666237968523,25
7707,800000,105,14,57142,0.3429292146378118,20000,1.0,Zhu et al. LDP-IHT,,0.6,25.0,24.592681838303033,1.076117630310075,25
7707,800000,105,14,57142,0.3429292146378118,20000,1.0,"Zhu et al. LDP-IHT, matched radius",,,50.0,2.0,0.9256951291627643,50
7707,800000,105,14,57142,0.3429292146378118,20000,1.0,Zhu et al. LDP-IHT,,0.03,50.0,0.37261971833664037,0.9569058108242875,50
7707,800000,105,14,57142,0.3429292146378118,20000,1.0,Zhu et al. LDP-IHT,,0.07,50.0,1.0723252838988133,0.9391770720360391,50
7707,800000,105,14,57142,0.3429292146378118,20000,1.0,Zhu et al. LDP-IHT,,0.15,50.0,3.167322498840251,1.0199072816473593,50
7707,800000,105,14,57142,0.3429292146378118,20000,1.0,Zhu et al. LDP-IHT,,0.3,50.0,9.595204765573126,1.0364482881536552,50
7707,800000,105,14,57142,0.3429292146378118,20000,1.0,Zhu et al. LDP-IHT,,0.6,50.0,32.23264860271674,1.10056671031903,50
7707,800000,105,14,57142,0.3429292146378118,20000,1.0,"Zhu et al. LDP-IHT, matched radius",,,100.0,2.0,0.9026072994856131,100
7707,800000,105,14,57142,0.3429292146378118,20000,1.0,Zhu et al. LDP-IHT,,0.03,100.0,0.3996310798724243,0.9501726455396917,100
7707,800000,105,14,57142,0.3429292146378118,20000,1.0,Zhu et al. LDP-IHT,,0.07,100.0,1.2193871411491926,0.9177740113817953,100
7707,800000,105,14,57142,0.3429292146378118,20000,1.0,Zhu et al. LDP-IHT,,0.15,100.0,3.842606537234849,0.9796401937914562,100
7707,800000,105,14,57142,0.3429292146378118,20000,1.0,Zhu et al. LDP-IHT,,0.3,100.0,12.296340919151517,1.081160369052592,100
7707,800000,105,14,57142,0.3429292146378118,20000,1.0,Zhu et al. LDP-IHT,,0.6,100.0,43.03719321703031,1.171029587040529,100
7707,1600000,105,15,106666,0.3430448421659704,20000,,Non-private proximal,,,,,0.8552374318405553,52
7707,1600000,105,15,106666,0.3430448421659704,20000,,Constant predictor,,,,,1.0725571476165343,0
7707,1600000,105,15,106666,0.3430448421659704,20000,1.0,Full-Record LDP Lasso (ours),0.05,,,2.0,0.8812317376340202,73
7707,1600000,105,15,106666,0.3430448421659704,20000,1.0,"Zhu et al. LDP-IHT, matched radius",,,10.0,2.0,0.9043259876783342,10
7707,1600000,105,15,106666,0.3430448421659704,20000,1.0,Zhu et al. LDP-IHT,,0.03,10.0,0.33657185612162327,0.9681035293978374,10
7707,1600000,105,15,106666,0.3430448421659704,20000,1.0,Zhu et al. LDP-IHT,,0.07,10.0,0.8760647007281646,0.9483421539510043,10
7707,1600000,105,15,106666,0.3430448421659704,20000,1.0,Zhu et al. LDP-IHT,,0.15,10.0,2.2661259434648238,0.9302329959953084,10
7707,1600000,105,15,106666,0.3430448421659704,20000,1.0,Zhu et al. LDP-IHT,,0.3,10.0,5.9904185440714155,0.9819942872279955,10
7707,1600000,105,15,106666,0.3430448421659704,20000,1.0,Zhu et al. LDP-IHT,,0.6,10.0,17.813503716709906,1.0010960520209748,10
7707,1600000,105,15,106666,0.3430448421659704,20000,1.0,"Zhu et al. LDP-IHT, matched radius",,,25.0,2.0,0.8898525371393774,25
7707,1600000,105,15,106666,0.3430448421659704,20000,1.0,Zhu et al. LDP-IHT,,0.03,25.0,0.3535198014256061,0.9478548581785324,25
7707,1600000,105,15,106666,0.3430448421659704,20000,1.0,Zhu et al. LDP-IHT,,0.07,25.0,0.9683368473831823,0.9291011584128869,25
7707,1600000,105,15,106666,0.3430448421659704,20000,1.0,Zhu et al. LDP-IHT,,0.15,25.0,2.689824576064394,0.9471196009782107,25
7707,1600000,105,15,106666,0.3430448421659704,20000,1.0,Zhu et al. LDP-IHT,,0.3,25.0,7.685213074469698,1.023277660398895,25
7707,1600000,105,15,106666,0.3430448421659704,20000,1.0,Zhu et al. LDP-IHT,,0.6,25.0,24.592681838303033,1.0332040924193704,25
7707,1600000,105,15,106666,0.3430448421659704,20000,1.0,"Zhu et al. LDP-IHT, matched radius",,,50.0,2.0,0.8801621214779021,50
7707,1600000,105,15,106666,0.3430448421659704,20000,1.0,Zhu et al. LDP-IHT,,0.03,50.0,0.37261971833664037,0.9557454773532337,50
7707,1600000,105,15,106666,0.3430448421659704,20000,1.0,Zhu et al. LDP-IHT,,0.07,50.0,1.0723252838988133,0.9249179758082929,50
7707,1600000,105,15,106666,0.3430448421659704,20000,1.0,Zhu et al. LDP-IHT,,0.15,50.0,3.167322498840251,0.9443572511476978,50
7707,1600000,105,15,106666,0.3430448421659704,20000,1.0,Zhu et al. LDP-IHT,,0.3,50.0,9.595204765573126,1.0272586375351687,50
7707,1600000,105,15,106666,0.3430448421659704,20000,1.0,Zhu et al. LDP-IHT,,0.6,50.0,32.23264860271674,1.0395479876889584,50
7707,1600000,105,15,106666,0.3430448421659704,20000,1.0,"Zhu et al. LDP-IHT, matched radius",,,100.0,2.0,0.8822172464990948,100
7707,1600000,105,15,106666,0.3430448421659704,20000,1.0,Zhu et al. LDP-IHT,,0.03,100.0,0.3996310798724243,0.9393399916014462,100
7707,1600000,105,15,106666,0.3430448421659704,20000,1.0,Zhu et al. LDP-IHT,,0.07,100.0,1.2193871411491926,0.9111674809252921,100
7707,1600000,105,15,106666,0.3430448421659704,20000,1.0,Zhu et al. LDP-IHT,,0.15,100.0,3.842606537234849,0.9830032104856895,100
7707,1600000,105,15,106666,0.3430448421659704,20000,1.0,Zhu et al. LDP-IHT,,0.3,100.0,12.296340919151517,1.0138106879591877,100
7707,1600000,105,15,106666,0.3430448421659704,20000,1.0,Zhu et al. LDP-IHT,,0.6,100.0,43.03719321703031,1.0398974609104379,100
7708,200000,105,13,15384,0.3429930016829918,20000,,Non-private proximal,,,,,0.8620706865047121,24
7708,200000,105,13,15384,0.3429930016829918,20000,,Constant predictor,,,,,1.074299886383516,0
7708,200000,105,13,15384,0.3429930016829918,20000,1.0,Full-Record LDP Lasso (ours),0.05,,,2.0,0.9639741764445902,63
7708,200000,105,13,15384,0.3429930016829918,20000,1.0,"Zhu et al. LDP-IHT, matched radius",,,10.0,2.0,0.9845351428442838,10
7708,200000,105,13,15384,0.3429930016829918,20000,1.0,Zhu et al. LDP-IHT,,0.03,10.0,0.33657185612162327,0.9910336278042976,10
7708,200000,105,13,15384,0.3429930016829918,20000,1.0,Zhu et al. LDP-IHT,,0.07,10.0,0.8760647007281646,0.9617671455761847,10
7708,200000,105,13,15384,0.3429930016829918,20000,1.0,Zhu et al. LDP-IHT,,0.15,10.0,2.2661259434648238,0.9903664424444013,10
7708,200000,105,13,15384,0.3429930016829918,20000,1.0,Zhu et al. LDP-IHT,,0.3,10.0,5.9904185440714155,1.0415109021809075,10
7708,200000,105,13,15384,0.3429930016829918,20000,1.0,Zhu et al. LDP-IHT,,0.6,10.0,17.813503716709906,1.0792211659721385,10
7708,200000,105,13,15384,0.3429930016829918,20000,1.0,"Zhu et al. LDP-IHT, matched radius",,,25.0,2.0,0.9852395876691019,25
7708,200000,105,13,15384,0.3429930016829918,20000,1.0,Zhu et al. LDP-IHT,,0.03,25.0,0.3535198014256061,0.9537903640918343,25
7708,200000,105,13,15384,0.3429930016829918,20000,1.0,Zhu et al. LDP-IHT,,0.07,25.0,0.9683368473831823,0.9500313006883211,25
7708,200000,105,13,15384,0.3429930016829918,20000,1.0,Zhu et al. LDP-IHT,,0.15,25.0,2.689824576064394,1.0353211510087628,25
7708,200000,105,13,15384,0.3429930016829918,20000,1.0,Zhu et al. LDP-IHT,,0.3,25.0,7.685213074469698,1.0000844045167947,25
7708,200000,105,13,15384,0.3429930016829918,20000,1.0,Zhu et al. LDP-IHT,,0.6,25.0,24.592681838303033,1.042203280107144,25
7708,200000,105,13,15384,0.3429930016829918,20000,1.0,"Zhu et al. LDP-IHT, matched radius",,,50.0,2.0,0.9493662427133546,50
7708,200000,105,13,15384,0.3429930016829918,20000,1.0,Zhu et al. LDP-IHT,,0.03,50.0,0.37261971833664037,0.964099089206295,50
7708,200000,105,13,15384,0.3429930016829918,20000,1.0,Zhu et al. LDP-IHT,,0.07,50.0,1.0723252838988133,0.9912425085226189,50
7708,200000,105,13,15384,0.3429930016829918,20000,1.0,Zhu et al. LDP-IHT,,0.15,50.0,3.167322498840251,1.0988927820563805,50
7708,200000,105,13,15384,0.3429930016829918,20000,1.0,Zhu et al. LDP-IHT,,0.3,50.0,9.595204765573126,1.0187448432133175,50
7708,200000,105,13,15384,0.3429930016829918,20000,1.0,Zhu et al. LDP-IHT,,0.6,50.0,32.23264860271674,1.0201518201156126,50
7708,200000,105,13,15384,0.3429930016829918,20000,1.0,"Zhu et al. LDP-IHT, matched radius",,,100.0,2.0,0.983436973179647,100
7708,200000,105,13,15384,0.3429930016829918,20000,1.0,Zhu et al. LDP-IHT,,0.03,100.0,0.3996310798724243,0.975369519547576,100
7708,200000,105,13,15384,0.3429930016829918,20000,1.0,Zhu et al. LDP-IHT,,0.07,100.0,1.2193871411491926,0.9557002865633613,100
7708,200000,105,13,15384,0.3429930016829918,20000,1.0,Zhu et al. LDP-IHT,,0.15,100.0,3.842606537234849,1.0353730869010098,100
7708,200000,105,13,15384,0.3429930016829918,20000,1.0,Zhu et al. LDP-IHT,,0.3,100.0,12.296340919151517,1.0707280057757937,100
7708,200000,105,13,15384,0.3429930016829918,20000,1.0,Zhu et al. LDP-IHT,,0.6,100.0,43.03719321703031,1.0829097433028612,100
7708,400000,105,13,30769,0.34303519258968035,20000,,Non-private proximal,,,,,0.8543856991103961,36
7708,400000,105,13,30769,0.34303519258968035,20000,,Constant predictor,,,,,1.074286424893649,0
7708,400000,105,13,30769,0.34303519258968035,20000,1.0,Full-Record LDP Lasso (ours),0.05,,,2.0,0.9105819817316375,62
7708,400000,105,13,30769,0.34303519258968035,20000,1.0,"Zhu et al. LDP-IHT, matched radius",,,10.0,2.0,0.9443566243687014,10
7708,400000,105,13,30769,0.34303519258968035,20000,1.0,Zhu et al. LDP-IHT,,0.03,10.0,0.33657185612162327,0.9973886306788623,10
7708,400000,105,13,30769,0.34303519258968035,20000,1.0,Zhu et al. LDP-IHT,,0.07,10.0,0.8760647007281646,0.9362738011005586,10
7708,400000,105,13,30769,0.34303519258968035,20000,1.0,Zhu et al. LDP-IHT,,0.15,10.0,2.2661259434648238,1.0031397420914205,10
7708,400000,105,13,30769,0.34303519258968035,20000,1.0,Zhu et al. LDP-IHT,,0.3,10.0,5.9904185440714155,1.0394012032696172,10
7708,400000,105,13,30769,0.34303519258968035,20000,1.0,Zhu et al. LDP-IHT,,0.6,10.0,17.813503716709906,1.103451047462571,10
7708,400000,105,13,30769,0.34303519258968035,20000,1.0,"Zhu et al. LDP-IHT, matched radius",,,25.0,2.0,0.9281977469612128,25
7708,400000,105,13,30769,0.34303519258968035,20000,1.0,Zhu et al. LDP-IHT,,0.03,25.0,0.3535198014256061,0.9850349672528755,25
7708,400000,105,13,30769,0.34303519258968035,20000,1.0,Zhu et al. LDP-IHT,,0.07,25.0,0.9683368473831823,0.9572892595352611,25
7708,400000,105,13,30769,0.34303519258968035,20000,1.0,Zhu et al. LDP-IHT,,0.15,25.0,2.689824576064394,0.974346116642102,25
7708,400000,105,13,30769,0.34303519258968035,20000,1.0,Zhu et al. LDP-IHT,,0.3,25.0,7.685213074469698,1.1069654565390408,25
7708,400000,105,13,30769,0.34303519258968035,20000,1.0,Zhu et al. LDP-IHT,,0.6,25.0,24.592681838303033,1.0373703276019164,25
7708,400000,105,13,30769,0.34303519258968035,20000,1.0,"Zhu et al. LDP-IHT, matched radius",,,50.0,2.0,0.9248450448707315,50
7708,400000,105,13,30769,0.34303519258968035,20000,1.0,Zhu et al. LDP-IHT,,0.03,50.0,0.37261971833664037,0.9823160380000466,50
7708,400000,105,13,30769,0.34303519258968035,20000,1.0,Zhu et al. LDP-IHT,,0.07,50.0,1.0723252838988133,0.9644283780390949,50
7708,400000,105,13,30769,0.34303519258968035,20000,1.0,Zhu et al. LDP-IHT,,0.15,50.0,3.167322498840251,1.0321344563572912,50
7708,400000,105,13,30769,0.34303519258968035,20000,1.0,Zhu et al. LDP-IHT,,0.3,50.0,9.595204765573126,1.008100141423215,50
7708,400000,105,13,30769,0.34303519258968035,20000,1.0,Zhu et al. LDP-IHT,,0.6,50.0,32.23264860271674,1.0749605936829232,50
7708,400000,105,13,30769,0.34303519258968035,20000,1.0,"Zhu et al. LDP-IHT, matched radius",,,100.0,2.0,0.9117666105226704,100
7708,400000,105,13,30769,0.34303519258968035,20000,1.0,Zhu et al. LDP-IHT,,0.03,100.0,0.3996310798724243,0.9386297353576364,100
7708,400000,105,13,30769,0.34303519258968035,20000,1.0,Zhu et al. LDP-IHT,,0.07,100.0,1.2193871411491926,0.9686100671115507,100
7708,400000,105,13,30769,0.34303519258968035,20000,1.0,Zhu et al. LDP-IHT,,0.15,100.0,3.842606537234849,1.0564299770417362,100
7708,400000,105,13,30769,0.34303519258968035,20000,1.0,Zhu et al. LDP-IHT,,0.3,100.0,12.296340919151517,1.0531458323750842,100
7708,400000,105,13,30769,0.34303519258968035,20000,1.0,Zhu et al. LDP-IHT,,0.6,100.0,43.03719321703031,1.08183380878079,100
7708,800000,105,14,57142,0.3431740339998618,20000,,Non-private proximal,,,,,0.8500475064761547,42
7708,800000,105,14,57142,0.3431740339998618,20000,,Constant predictor,,,,,1.0742920288441173,0
7708,800000,105,14,57142,0.3431740339998618,20000,1.0,Full-Record LDP Lasso (ours),0.05,,,2.0,0.8870055584393417,68
7708,800000,105,14,57142,0.3431740339998618,20000,1.0,"Zhu et al. LDP-IHT, matched radius",,,10.0,2.0,0.9134311596462349,10
7708,800000,105,14,57142,0.3431740339998618,20000,1.0,Zhu et al. LDP-IHT,,0.03,10.0,0.33657185612162327,0.9842135138449943,10
7708,800000,105,14,57142,0.3431740339998618,20000,1.0,Zhu et al. LDP-IHT,,0.07,10.0,0.8760647007281646,0.948555292639302,10
7708,800000,105,14,57142,0.3431740339998618,20000,1.0,Zhu et al. LDP-IHT,,0.15,10.0,2.2661259434648238,0.9662589148307136,10
7708,800000,105,14,57142,0.3431740339998618,20000,1.0,Zhu et al. LDP-IHT,,0.3,10.0,5.9904185440714155,0.9863183168629421,10
7708,800000,105,14,57142,0.3431740339998618,20000,1.0,Zhu et al. LDP-IHT,,0.6,10.0,17.813503716709906,1.0575971954095584,10
7708,800000,105,14,57142,0.3431740339998618,20000,1.0,"Zhu et al. LDP-IHT, matched radius",,,25.0,2.0,0.9025600499073972,25
7708,800000,105,14,57142,0.3431740339998618,20000,1.0,Zhu et al. LDP-IHT,,0.03,25.0,0.3535198014256061,0.9552288316702566,25
7708,800000,105,14,57142,0.3431740339998618,20000,1.0,Zhu et al. LDP-IHT,,0.07,25.0,0.9683368473831823,0.9402277914865815,25
7708,800000,105,14,57142,0.3431740339998618,20000,1.0,Zhu et al. LDP-IHT,,0.15,25.0,2.689824576064394,0.9282965085100497,25
7708,800000,105,14,57142,0.3431740339998618,20000,1.0,Zhu et al. LDP-IHT,,0.3,25.0,7.685213074469698,1.0054610378791327,25
7708,800000,105,14,57142,0.3431740339998618,20000,1.0,Zhu et al. LDP-IHT,,0.6,25.0,24.592681838303033,1.085726671426895,25
7708,800000,105,14,57142,0.3431740339998618,20000,1.0,"Zhu et al. LDP-IHT, matched radius",,,50.0,2.0,0.8916523296415726,50
7708,800000,105,14,57142,0.3431740339998618,20000,1.0,Zhu et al. LDP-IHT,,0.03,50.0,0.37261971833664037,0.9419475772147637,50
7708,800000,105,14,57142,0.3431740339998618,20000,1.0,Zhu et al. LDP-IHT,,0.07,50.0,1.0723252838988133,0.9371089672785162,50
7708,800000,105,14,57142,0.3431740339998618,20000,1.0,Zhu et al. LDP-IHT,,0.15,50.0,3.167322498840251,0.9889490130153817,50
7708,800000,105,14,57142,0.3431740339998618,20000,1.0,Zhu et al. LDP-IHT,,0.3,50.0,9.595204765573126,1.0623534937297516,50
7708,800000,105,14,57142,0.3431740339998618,20000,1.0,Zhu et al. LDP-IHT,,0.6,50.0,32.23264860271674,1.0767614031485826,50
7708,800000,105,14,57142,0.3431740339998618,20000,1.0,"Zhu et al. LDP-IHT, matched radius",,,100.0,2.0,0.8923103559001865,100
7708,800000,105,14,57142,0.3431740339998618,20000,1.0,Zhu et al. LDP-IHT,,0.03,100.0,0.3996310798724243,0.9307258904513238,100
7708,800000,105,14,57142,0.3431740339998618,20000,1.0,Zhu et al. LDP-IHT,,0.07,100.0,1.2193871411491926,0.9356853407431852,100
7708,800000,105,14,57142,0.3431740339998618,20000,1.0,Zhu et al. LDP-IHT,,0.15,100.0,3.842606537234849,1.0331671409595082,100
7708,800000,105,14,57142,0.3431740339998618,20000,1.0,Zhu et al. LDP-IHT,,0.3,100.0,12.296340919151517,1.0245835722077503,100
7708,800000,105,14,57142,0.3431740339998618,20000,1.0,Zhu et al. LDP-IHT,,0.6,100.0,43.03719321703031,1.0786538062545536,100
7708,1600000,105,15,106666,0.3430194377586532,20000,,Non-private proximal,,,,,0.8475842171453478,52
7708,1600000,105,15,106666,0.3430194377586532,20000,,Constant predictor,,,,,1.0742824592611597,0
7708,1600000,105,15,106666,0.3430194377586532,20000,1.0,Full-Record LDP Lasso (ours),0.05,,,2.0,0.8706221805084202,73
7708,1600000,105,15,106666,0.3430194377586532,20000,1.0,"Zhu et al. LDP-IHT, matched radius",,,10.0,2.0,0.8969198790332263,10
7708,1600000,105,15,106666,0.3430194377586532,20000,1.0,Zhu et al. LDP-IHT,,0.03,10.0,0.33657185612162327,0.9629384155114107,10
7708,1600000,105,15,106666,0.3430194377586532,20000,1.0,Zhu et al. LDP-IHT,,0.07,10.0,0.8760647007281646,0.9322316303761208,10
7708,1600000,105,15,106666,0.3430194377586532,20000,1.0,Zhu et al. LDP-IHT,,0.15,10.0,2.2661259434648238,0.9418130632792658,10
7708,1600000,105,15,106666,0.3430194377586532,20000,1.0,Zhu et al. LDP-IHT,,0.3,10.0,5.9904185440714155,0.9668093038805524,10
7708,1600000,105,15,106666,0.3430194377586532,20000,1.0,Zhu et al. LDP-IHT,,0.6,10.0,17.813503716709906,1.021111453366787,10
7708,1600000,105,15,106666,0.3430194377586532,20000,1.0,"Zhu et al. LDP-IHT, matched radius",,,25.0,2.0,0.8815000245641278,25
7708,1600000,105,15,106666,0.3430194377586532,20000,1.0,Zhu et al. LDP-IHT,,0.03,25.0,0.3535198014256061,0.9557428856822572,25
7708,1600000,105,15,106666,0.3430194377586532,20000,1.0,Zhu et al. LDP-IHT,,0.07,25.0,0.9683368473831823,0.9311072736189431,25
7708,1600000,105,15,106666,0.3430194377586532,20000,1.0,Zhu et al. LDP-IHT,,0.15,25.0,2.689824576064394,0.9286919510879608,25
7708,1600000,105,15,106666,0.3430194377586532,20000,1.0,Zhu et al. LDP-IHT,,0.3,25.0,7.685213074469698,1.020913468964468,25
7708,1600000,105,15,106666,0.3430194377586532,20000,1.0,Zhu et al. LDP-IHT,,0.6,25.0,24.592681838303033,1.1084991085545506,25
7708,1600000,105,15,106666,0.3430194377586532,20000,1.0,"Zhu et al. LDP-IHT, matched radius",,,50.0,2.0,0.8781093778915912,50
7708,1600000,105,15,106666,0.3430194377586532,20000,1.0,Zhu et al. LDP-IHT,,0.03,50.0,0.37261971833664037,0.9463138732229499,50
7708,1600000,105,15,106666,0.3430194377586532,20000,1.0,Zhu et al. LDP-IHT,,0.07,50.0,1.0723252838988133,0.9230863473966321,50
7708,1600000,105,15,106666,0.3430194377586532,20000,1.0,Zhu et al. LDP-IHT,,0.15,50.0,3.167322498840251,0.9410660831757106,50
7708,1600000,105,15,106666,0.3430194377586532,20000,1.0,Zhu et al. LDP-IHT,,0.3,50.0,9.595204765573126,1.008686283721327,50
7708,1600000,105,15,106666,0.3430194377586532,20000,1.0,Zhu et al. LDP-IHT,,0.6,50.0,32.23264860271674,1.0953877202976139,50
7708,1600000,105,15,106666,0.3430194377586532,20000,1.0,"Zhu et al. LDP-IHT, matched radius",,,100.0,2.0,0.8826048825586382,100
7708,1600000,105,15,106666,0.3430194377586532,20000,1.0,Zhu et al. LDP-IHT,,0.03,100.0,0.3996310798724243,0.9280354975797531,100
7708,1600000,105,15,106666,0.3430194377586532,20000,1.0,Zhu et al. LDP-IHT,,0.07,100.0,1.2193871411491926,0.9152455451922645,100
7708,1600000,105,15,106666,0.3430194377586532,20000,1.0,Zhu et al. LDP-IHT,,0.15,100.0,3.842606537234849,0.9803563925226148,100
7708,1600000,105,15,106666,0.3430194377586532,20000,1.0,Zhu et al. LDP-IHT,,0.3,100.0,12.296340919151517,1.037077381133159,100
7708,1600000,105,15,106666,0.3430194377586532,20000,1.0,Zhu et al. LDP-IHT,,0.6,100.0,43.03719321703031,1.0650220206397238,100
